"customer_id","first_name","last_name","rental_month","rental_count"
475,"Pedro","Chestnut","7","15"
577,"Clifton","Malcolm","7","11"
423,"Alfred","Casillas","8","8"
52,"Julie","Sanchez","8","11"
426,"Bradley","Motley","7","11"
550,"Guy","Brownlee","8","13"
181,"Ana","Bradley","6","4"
508,"Milton","Howland","5","2"
214,"Kristin","Johnston","6","3"
76,"Irene","Price","6","6"
21,"Michelle","Clark","7","9"
557,"Felix","Gaffney","2","1"
17,"Donna","Thompson","6","3"
345,"Carl","Artis","6","4"
337,"Jerry","Jordon","7","12"
466,"Leo","Ebert","7","7"
326,"Jose","Andrew","8","6"
524,"Jared","Ely","5","2"
57,"Evelyn","Morgan","6","5"
413,"Marvin","Yee","5","2"
389,"Alan","Kahn","8","11"
45,"Janet","Phillips","6","5"
575,"Isaac","Oglesby","6","3"
415,"Glenn","Pullen","7","11"
469,"Wesley","Bull","7","18"
250,"Jo","Fowler","8","7"
576,"Morris","Mccarter","6","7"
465,"Floyd","Gandy","8","9"
377,"Howard","Fortner","7","11"
378,"Eugene","Culpepper","7","8"
186,"Holly","Fox","7","8"
335,"Gregory","Mauldin","8","6"
34,"Rebecca","Scott","8","12"
588,"Marion","Ocampo","8","8"
543,"Lance","Pemberton","7","8"
572,"Sidney","Burleson","7","11"
28,"Cynthia","Young","6","5"
37,"Pamela","Baker","8","12"
474,"Dustin","Gillette","2","1"
311,"Paul","Trout","7","8"
84,"Sara","Perry","8","12"
321,"Kevin","Schuler","5","3"
441,"Mario","Cheatham","8","7"
27,"Shirley","Allen","8","10"
175,"Annette","Olson","6","2"
286,"Velma","Lucas","6","2"
131,"Monica","Hicks","6","2"
405,"Leonard","Schofield","2","1"
494,"Ramon","Choate","7","18"
371,"Billy","Poulin","8","10"
416,"Jeffery","Pinson","8","13"
276,"Brandy","Graves","5","2"
99,"Emily","Diaz","2","1"
199,"Beth","Franklin","5","1"
439,"Alexander","Fennell","6","6"
557,"Felix","Gaffney","5","2"
545,"Julio","Noland","6","1"
50,"Diane","Collins","8","9"
263,"Hilda","Hopkins","2","1"
81,"Andrea","Henderson","8","12"
81,"Andrea","Henderson","7","6"
38,"Martha","Gonzalez","7","18"
584,"Salvador","Teel","7","12"
144,"Clara","Shaw","6","6"
420,"Jacob","Lance","7","11"
121,"Josephine","Gomez","6","2"
247,"Stella","Moreno","6","1"
215,"Jessie","Banks","8","10"
441,"Mario","Cheatham","7","17"
209,"Tonya","Chapman","8","8"
387,"Jesse","Schilling","6","6"
587,"Sergio","Stanfield","8","9"
325,"Timothy","Bunn","7","10"
464,"Jerome","Kenyon","6","2"
263,"Hilda","Hopkins","7","13"
489,"Ricardo","Meador","5","2"
567,"Alfredo","Mcadams","7","11"
164,"Joann","Gardner","5","1"
547,"Kurt","Emmons","5","3"
570,"Ivan","Cromwell","2","1"
508,"Milton","Howland","2","1"
225,"Arlene","Harvey","5","2"
87,"Wanda","Patterson","8","11"
11,"Lisa","Anderson","6","3"
73,"Beverly","Brooks","6","2"
103,"Gladys","Hamilton","6","4"
262,"Patsy","Davidson","8","12"
95,"Paula","Bryant","7","9"
77,"Jane","Bennett","5","5"
593,"Rene","Mcalister","5","2"
183,"Ida","Andrews","6","4"
270,"Leah","Curtis","6","4"
379,"Carlos","Coughlin","7","6"
477,"Dan","Paine","5","1"
107,"Florence","Woods","6","7"
472,"Greg","Robins","8","10"
524,"Jared","Ely","7","8"
189,"Loretta","Carpenter","8","6"
162,"Lauren","Hudson","5","3"
111,"Carmen","Owens","8","9"
181,"Ana","Bradley","8","16"
108,"Tracy","Cole","6","5"
136,"Anita","Morales","5","1"
322,"Jason","Morrissey","6","7"
334,"Raymond","Mcwhorter","2","1"
436,"Troy","Quigley","5","3"
52,"Julie","Sanchez","7","12"
291,"Toni","Holt","7","12"
332,"Stephen","Qualls","5","2"
595,"Terrence","Gunderson","5","1"
55,"Doris","Reed","5","3"
143,"Leslie","Gordon","8","6"
11,"Lisa","Anderson","5","1"
501,"Ruben","Geary","5","2"
306,"Charles","Kowalski","6","2"
99,"Emily","Diaz","6","2"
461,"Derek","Blakely","5","1"
519,"Ron","Deluca","6","3"
254,"Maxine","Silva","7","13"
595,"Terrence","Gunderson","8","8"
3,"Linda","Williams","6","4"
212,"Wilma","Richards","7","7"
365,"Bruce","Schwarz","7","10"
136,"Anita","Morales","6","1"
395,"Johnny","Turpin","6","6"
92,"Tina","Simmons","6","3"
121,"Josephine","Gomez","8","14"
244,"Viola","Hanson","7","14"
361,"Lawrence","Lawton","5","2"
506,"Leslie","Seward","7","10"
462,"Warren","Sherrod","6","3"
555,"Dwight","Lombardi","6","1"
112,"Rosa","Reynolds","7","11"
512,"Cecil","Vines","8","13"
347,"Ryan","Salisbury","8","8"
437,"Randall","Neumann","7","10"
447,"Clifford","Bowens","8","12"
182,"Renee","Lane","8","8"
456,"Ronnie","Ricketts","7","7"
213,"Gina","Williamson","6","9"
60,"Mildred","Bailey","6","2"
190,"Yolanda","Weaver","6","5"
459,"Tommy","Collazo","8","12"
357,"Keith","Rico","7","12"
114,"Grace","Ellis","6","4"
228,"Allison","Stanley","6","4"
236,"Marcia","Dean","6","8"
552,"Hugh","Waldrop","6","2"
364,"Benjamin","Varney","8","9"
66,"Janice","Ward","8","13"
536,"Fernando","Churchill","5","2"
27,"Shirley","Allen","6","8"
312,"Mark","Rinehart","5","4"
136,"Anita","Morales","8","7"
176,"June","Carroll","8","12"
59,"Cheryl","Murphy","6","3"
590,"Seth","Hannon","2","1"
389,"Alan","Kahn","7","11"
372,"Steve","Mackenzie","6","3"
117,"Edith","Mcdonald","8","10"
561,"Ian","Still","6","9"
118,"Kim","Cruz","8","6"
349,"Joe","Gilliland","8","11"
404,"Stanley","Scroggins","7","14"
234,"Claudia","Fuller","6","8"
481,"Herman","Devore","8","11"
189,"Loretta","Carpenter","5","1"
211,"Stacey","Montgomery","8","14"
365,"Bruce","Schwarz","5","2"
403,"Mike","Way","8","15"
492,"Lester","Kraus","5","1"
526,"Karl","Seal","8","14"
475,"Pedro","Chestnut","8","7"
50,"Diane","Collins","7","17"
320,"Anthony","Schwab","8","4"
403,"Mike","Way","6","6"
287,"Becky","Miles","7","11"
77,"Jane","Bennett","7","7"
41,"Stephanie","Mitchell","8","7"
116,"Victoria","Gibson","5","1"
242,"Glenda","Frazier","7","9"
424,"Kyle","Spurlock","8","9"
384,"Ernest","Stepp","5","4"
108,"Tracy","Cole","8","9"
504,"Nathaniel","Adam","8","12"
487,"Hector","Poindexter","7","14"
11,"Lisa","Anderson","7","11"
177,"Samantha","Duncan","7","7"
562,"Wallace","Slone","5","3"
419,"Chad","Carbone","6","1"
46,"Catherine","Campbell","6","7"
248,"Caroline","Bowman","8","5"
299,"James","Gannon","5","2"
433,"Don","Bone","8","9"
21,"Michelle","Clark","2","1"
111,"Carmen","Owens","5","1"
587,"Sergio","Stanfield","6","4"
370,"Wayne","Truong","7","8"
153,"Suzanne","Nichols","8","10"
140,"Eva","Ramos","8","7"
555,"Dwight","Lombardi","8","10"
138,"Hazel","Warren","7","15"
182,"Renee","Lane","6","4"
525,"Adrian","Clary","7","11"
153,"Suzanne","Nichols","7","10"
372,"Steve","Mackenzie","5","2"
242,"Glenda","Frazier","6","6"
278,"Billie","Horton","5","1"
267,"Margie","Wade","8","11"
576,"Morris","Mccarter","8","8"
218,"Vera","Mccoy","6","3"
24,"Kimberly","Lee","8","9"
72,"Theresa","Watson","5","3"
271,"Penny","Neal","5","1"
479,"Zachary","Hite","2","1"
442,"Leroy","Bustamante","6","4"
305,"Richard","Mccrary","7","10"
242,"Glenda","Frazier","5","3"
573,"Byron","Box","6","4"
505,"Rafael","Abney","8","8"
402,"Luis","Yanez","7","12"
425,"Francis","Sikes","5","1"
570,"Ivan","Cromwell","6","7"
475,"Pedro","Chestnut","5","2"
284,"Sonia","Gregory","8","8"
460,"Leon","Bostic","7","8"
557,"Felix","Gaffney","7","10"
81,"Andrea","Henderson","6","3"
10,"Dorothy","Taylor","7","11"
454,"Alex","Gresham","5","1"
427,"Jesus","Mccartney","8","8"
220,"Charlene","Alvarez","6","1"
125,"Ethel","Webb","5","1"
196,"Alma","Austin","7","14"
470,"Gordon","Allard","5","1"
448,"Miguel","Betancourt","8","10"
520,"Mitchell","Westmoreland","5","1"
421,"Lee","Hawks","7","12"
377,"Howard","Fortner","6","5"
596,"Enrique","Forsythe","6","2"
496,"Tyler","Wren","5","2"
161,"Geraldine","Perkins","8","12"
162,"Lauren","Hudson","8","4"
307,"Joseph","Joy","5","4"
121,"Josephine","Gomez","7","9"
351,"Jack","Foust","6","3"
172,"Bernice","Willis","8","13"
286,"Velma","Lucas","7","17"
208,"Lucy","Wheeler","2","2"
71,"Kathy","James","5","2"
504,"Nathaniel","Adam","5","3"
373,"Louis","Leone","6","2"
294,"Shelly","Watts","5","1"
451,"Jim","Rea","6","7"
504,"Nathaniel","Adam","6","2"
4,"Barbara","Jones","6","6"
114,"Grace","Ellis","2","1"
535,"Javier","Elrod","6","2"
115,"Wendy","Harrison","8","8"
16,"Sandra","Martin","8","10"
201,"Vicki","Fields","6","5"
253,"Terry","Carlson","5","3"
95,"Paula","Bryant","6","4"
106,"Connie","Wallace","8","9"
447,"Clifford","Bowens","6","4"
402,"Luis","Yanez","5","1"
541,"Darren","Windham","7","7"
335,"Gregory","Mauldin","2","1"
294,"Shelly","Watts","6","2"
413,"Marvin","Yee","7","6"
149,"Valerie","Black","7","11"
125,"Ethel","Webb","7","16"
40,"Amanda","Carter","7","11"
145,"Lucille","Holmes","8","10"
424,"Kyle","Spurlock","2","1"
597,"Freddie","Duggan","2","1"
38,"Martha","Gonzalez","6","5"
314,"George","Linton","8","11"
548,"Allan","Cornish","2","1"
443,"Francisco","Skidmore","8","10"
197,"Sue","Peters","8","16"
32,"Amy","Lopez","7","15"
94,"Norma","Gonzales","5","2"
23,"Sarah","Lewis","5","3"
109,"Edna","West","5","7"
14,"Betty","White","2","1"
36,"Kathleen","Adams","5","2"
210,"Ella","Oliver","8","10"
162,"Lauren","Hudson","2","1"
443,"Francisco","Skidmore","6","1"
303,"William","Satterfield","7","9"
256,"Mabel","Holland","6","7"
109,"Edna","West","7","8"
296,"Ramona","Hale","2","1"
541,"Darren","Windham","8","13"
338,"Dennis","Gilman","5","1"
597,"Freddie","Duggan","8","12"
169,"Erica","Matthews","8","8"
414,"Vincent","Ralston","5","2"
543,"Lance","Pemberton","8","7"
117,"Edith","Mcdonald","5","2"
122,"Thelma","Murray","8","8"
83,"Louise","Jenkins","5","3"
591,"Kent","Arsenault","8","9"
496,"Tyler","Wren","6","1"
497,"Gilbert","Sledge","7","14"
495,"Charlie","Bess","7","11"
471,"Dean","Sauer","8","12"
128,"Marjorie","Tucker","6","2"
308,"Thomas","Grigsby","5","1"
148,"Eleanor","Hunt","7","22"
496,"Tyler","Wren","2","1"
331,"Eric","Robert","8","10"
462,"Warren","Sherrod","5","2"
501,"Ruben","Geary","7","9"
360,"Ralph","Madrigal","7","17"
383,"Martin","Bales","6","6"
522,"Arnold","Havens","5","1"
17,"Donna","Thompson","8","6"
13,"Karen","Jackson","8","10"
257,"Marsha","Douglas","6","2"
225,"Arlene","Harvey","7","17"
348,"Roger","Quintanilla","5","2"
54,"Teresa","Rogers","6","4"
211,"Stacey","Montgomery","2","1"
353,"Jonathan","Scarborough","5","1"
384,"Ernest","Stepp","6","7"
174,"Yvonne","Watkins","8","8"
193,"Katie","Elliott","7","6"
259,"Lena","Jensen","8","15"
233,"Lillie","Kim","7","13"
98,"Lillian","Griffin","6","6"
435,"Ricky","Shelby","5","2"
363,"Roy","Whiting","5","1"
581,"Virgil","Wofford","6","3"
148,"Eleanor","Hunt","5","1"
185,"Roberta","Harper","7","12"
420,"Jacob","Lance","8","6"
516,"Elmer","Noe","5","2"
287,"Becky","Miles","8","10"
310,"Daniel","Cabral","7","8"
226,"Maureen","Little","8","10"
568,"Alberto","Henning","7","8"
557,"Felix","Gaffney","6","3"
3,"Linda","Williams","7","13"
35,"Virginia","Green","8","8"
25,"Deborah","Walker","8","9"
461,"Derek","Blakely","6","2"
35,"Virginia","Green","6","6"
214,"Kristin","Johnston","2","1"
194,"Kristen","Chavez","8","6"
66,"Janice","Ward","7","13"
282,"Jenny","Castro","6","4"
277,"Olga","Jimenez","5","1"
269,"Cassandra","Walters","6","3"
517,"Brad","Mccurdy","6","5"
532,"Neil","Renner","5","1"
390,"Shawn","Heaton","7","14"
183,"Ida","Andrews","8","7"
157,"Darlene","Rose","8","11"
320,"Anthony","Schwab","7","11"
342,"Harold","Martino","7","12"
451,"Jim","Rea","7","7"
452,"Tom","Milner","5","3"
168,"Regina","Berry","5","2"
511,"Chester","Benner","7","11"
509,"Raul","Fortier","8","7"
26,"Jessica","Hall","7","13"
37,"Pamela","Baker","5","2"
56,"Gloria","Cook","5","4"
388,"Craig","Morrell","6","5"
165,"Lorraine","Stephens","6","2"
593,"Rene","Mcalister","6","4"
496,"Tyler","Wren","7","8"
508,"Milton","Howland","8","7"
290,"Kristina","Chambers","7","14"
202,"Carla","Gutierrez","8","9"
37,"Pamela","Baker","6","3"
343,"Douglas","Graf","5","2"
540,"Tyrone","Asher","8","10"
485,"Clyde","Tobias","7","18"
96,"Diana","Alexander","8","8"
406,"Nathan","Runyon","8","6"
322,"Jason","Morrissey","7","12"
47,"Frances","Parker","5","3"
57,"Evelyn","Morgan","8","6"
533,"Jessie","Milam","8","10"
172,"Bernice","Willis","6","3"
418,"Jeff","East","6","3"
578,"Willard","Lumpkin","5","1"
194,"Kristen","Chavez","7","5"
188,"Melanie","Armstrong","6","4"
307,"Joseph","Joy","7","13"
507,"Edgar","Rhoads","5","2"
599,"Austin","Cintron","6","4"
387,"Jesse","Schilling","5","4"
430,"Ray","Houle","6","6"
536,"Fernando","Churchill","8","8"
548,"Allan","Cornish","5","3"
448,"Miguel","Betancourt","5","2"
520,"Mitchell","Westmoreland","6","3"
596,"Enrique","Forsythe","2","1"
228,"Allison","Stanley","7","15"
73,"Beverly","Brooks","2","1"
63,"Ashley","Richardson","7","14"
59,"Cheryl","Murphy","8","10"
451,"Jim","Rea","5","3"
99,"Emily","Diaz","7","15"
9,"Margaret","Moore","6","2"
502,"Brett","Cornwell","8","12"
281,"Leona","Obrien","7","8"
589,"Tracy","Herrmann","5","3"
159,"Jill","Hawkins","6","2"
488,"Shane","Millard","8","9"
290,"Kristina","Chambers","5","1"
255,"Irma","Pearson","6","4"
560,"Jordan","Archuleta","5","1"
363,"Roy","Whiting","8","8"
302,"Michael","Silverman","7","15"
171,"Dolores","Wagner","5","1"
2,"Patricia","Johnson","6","1"
429,"Frederick","Isbell","7","9"
266,"Nora","Herrera","6","4"
148,"Eleanor","Hunt","8","18"
133,"Pauline","Henry","5","2"
443,"Francisco","Skidmore","5","1"
91,"Lois","Butler","2","1"
303,"William","Satterfield","5","3"
124,"Sheila","Wells","6","1"
69,"Judy","Gray","8","9"
418,"Jeff","East","7","10"
391,"Clarence","Gamez","7","11"
36,"Kathleen","Adams","8","11"
80,"Marilyn","Ross","7","12"
561,"Ian","Still","5","2"
244,"Viola","Hanson","5","2"
9,"Margaret","Moore","8","8"
321,"Kevin","Schuler","7","10"
111,"Carmen","Owens","2","1"
54,"Teresa","Rogers","7","8"
259,"Lena","Jensen","5","3"
355,"Terry","Grissom","7","11"
463,"Darrell","Power","5","1"
222,"Delores","Hansen","5","5"
594,"Eduardo","Hiatt","7","14"
348,"Roger","Quintanilla","6","3"
123,"Shannon","Freeman","6","5"
417,"Travis","Estep","6","1"
123,"Shannon","Freeman","8","8"
14,"Betty","White","6","1"
31,"Brenda","Wright","8","4"
358,"Samuel","Marlow","8","7"
434,"Eddie","Tomlin","8","10"
203,"Tara","Ryan","5","1"
75,"Tammy","Sanders","2","3"
27,"Shirley","Allen","7","12"
401,"Tony","Carranza","5","3"
459,"Tommy","Collazo","6","7"
582,"Andy","Vanhorn","8","10"
378,"Eugene","Culpepper","5","1"
456,"Ronnie","Ricketts","8","10"
97,"Annie","Russell","6","3"
148,"Eleanor","Hunt","6","5"
411,"Norman","Currier","5","2"
312,"Mark","Rinehart","6","2"
142,"April","Burns","8","10"
490,"Sam","Mcduffie","5","2"
539,"Mathew","Bolin","5","2"
354,"Justin","Ngo","6","4"
365,"Bruce","Schwarz","6","5"
88,"Bonnie","Hughes","5","1"
77,"Jane","Bennett","6","5"
165,"Lorraine","Stephens","7","12"
328,"Jeffrey","Spear","5","1"
198,"Elsie","Kelley","6","1"
169,"Erica","Matthews","7","10"
170,"Beatrice","Arnold","5","3"
318,"Brian","Wyman","6","4"
280,"Tracey","Barrett","5","1"
349,"Joe","Gilliland","7","12"
365,"Bruce","Schwarz","8","6"
120,"Sylvia","Ortiz","2","1"
214,"Kristin","Johnston","5","5"
381,"Bobby","Boudreau","6","5"
533,"Jessie","Milam","6","6"
485,"Clyde","Tobias","5","1"
292,"Misty","Lambert","8","6"
569,"Dave","Gardiner","5","5"
299,"James","Gannon","8","10"
444,"Marcus","Hidalgo","6","6"
394,"Chris","Brothers","2","1"
532,"Neil","Renner","7","14"
255,"Irma","Pearson","7","7"
239,"Minnie","Romero","8","11"
235,"Jackie","Lynch","7","15"
285,"Miriam","Mckinney","6","3"
538,"Ted","Breaux","6","4"
92,"Tina","Simmons","7","15"
589,"Tracy","Herrmann","7","10"
476,"Derrick","Bourque","7","9"
424,"Kyle","Spurlock","7","16"
506,"Leslie","Seward","5","7"
367,"Adam","Gooch","8","8"
5,"Elizabeth","Brown","8","13"
213,"Gina","Williamson","8","5"
252,"Mattie","Hoffman","5","2"
57,"Evelyn","Morgan","7","15"
84,"Sara","Perry","7","12"
380,"Russell","Brinson","8","13"
115,"Wendy","Harrison","2","1"
277,"Olga","Jimenez","7","12"
434,"Eddie","Tomlin","6","7"
137,"Rhonda","Kennedy","5","1"
13,"Karen","Jackson","7","13"
205,"Eileen","Carr","6","4"
101,"Peggy","Myers","5","1"
79,"Rachel","Barnes","7","13"
229,"Tamara","Nguyen","2","1"
92,"Tina","Simmons","5","2"
497,"Gilbert","Sledge","8","8"
443,"Francisco","Skidmore","7","10"
165,"Lorraine","Stephens","8","6"
410,"Curtis","Irby","7","14"
586,"Kirk","Stclair","5","2"
491,"Rick","Mattox","7","11"
71,"Kathy","James","6","3"
471,"Dean","Sauer","5","1"
581,"Virgil","Wofford","7","14"
324,"Gary","Coy","7","12"
472,"Greg","Robins","6","6"
500,"Reginald","Kinder","5","3"
226,"Maureen","Little","6","2"
325,"Timothy","Bunn","6","3"
91,"Lois","Butler","8","10"
394,"Chris","Brothers","8","8"
190,"Yolanda","Weaver","2","1"
86,"Jacqueline","Long","8","13"
58,"Jean","Bell","2","1"
154,"Michele","Grant","6","3"
503,"Angel","Barclay","8","15"
482,"Maurice","Crawley","6","2"
45,"Janet","Phillips","8","12"
595,"Terrence","Gunderson","6","2"
543,"Lance","Pemberton","5","2"
571,"Johnnie","Chisholm","7","9"
141,"Debbie","Reyes","6","3"
225,"Arlene","Harvey","8","6"
551,"Clayton","Barbee","7","8"
470,"Gordon","Allard","8","11"
310,"Daniel","Cabral","6","6"
577,"Clifton","Malcolm","5","1"
591,"Kent","Arsenault","6","3"
254,"Maxine","Silva","5","2"
586,"Kirk","Stclair","6","2"
283,"Felicia","Sutton","6","5"
125,"Ethel","Webb","6","4"
412,"Allen","Butterfield","5","4"
381,"Bobby","Boudreau","8","13"
564,"Bob","Pfeiffer","6","1"
495,"Charlie","Bess","5","2"
244,"Viola","Hanson","6","3"
168,"Regina","Berry","7","17"
180,"Stacy","Cunningham","5","1"
563,"Ken","Prewitt","8","9"
266,"Nora","Herrera","8","17"
287,"Becky","Miles","2","1"
521,"Roland","South","2","1"
328,"Jeffrey","Spear","7","6"
219,"Willie","Howell","5","1"
88,"Bonnie","Hughes","6","3"
155,"Gail","Knight","6","5"
1,"Mary","Smith","5","2"
157,"Darlene","Rose","7","17"
540,"Tyrone","Asher","7","9"
47,"Frances","Parker","6","3"
122,"Thelma","Murray","6","7"
12,"Nancy","Thomas","8","7"
251,"Vickie","Brewer","2","1"
29,"Angela","Hernandez","6","7"
548,"Allan","Cornish","7","6"
511,"Chester","Benner","6","4"
346,"Arthur","Simpkins","5","2"
375,"Aaron","Selby","5","4"
25,"Deborah","Walker","6","6"
352,"Albert","Crouse","6","5"
341,"Peter","Menard","6","7"
565,"Jaime","Nettles","7","11"
452,"Tom","Milner","7","13"
492,"Lester","Kraus","7","7"
516,"Elmer","Noe","6","6"
128,"Marjorie","Tucker","7","16"
113,"Cindy","Fisher","7","11"
531,"Jamie","Waugh","8","8"
293,"Mae","Fletcher","8","11"
414,"Vincent","Ralston","7","10"
386,"Todd","Tan","7","13"
152,"Alicia","Mills","8","11"
292,"Misty","Lambert","6","4"
514,"Franklin","Troutman","5","1"
184,"Vivian","Ruiz","6","2"
506,"Leslie","Seward","6","5"
79,"Rachel","Barnes","6","2"
261,"Deanna","Byrd","7","7"
550,"Guy","Brownlee","5","1"
114,"Grace","Ellis","5","3"
556,"Armando","Gruber","7","7"
134,"Emma","Boyd","5","4"
371,"Billy","Poulin","5","6"
249,"Dora","Medina","5","4"
541,"Darren","Windham","5","2"
106,"Connie","Wallace","5","2"
95,"Paula","Bryant","5","1"
412,"Allen","Butterfield","8","8"
324,"Gary","Coy","6","2"
527,"Cory","Meehan","8","10"
16,"Sandra","Martin","5","4"
362,"Nicholas","Barfield","6","5"
404,"Stanley","Scroggins","6","4"
382,"Victor","Barkley","8","7"
110,"Tiffany","Jordan","7","7"
510,"Ben","Easter","5","3"
544,"Cody","Nolen","5","2"
11,"Lisa","Anderson","2","1"
455,"Jon","Wiles","6","4"
438,"Barry","Lovelace","6","6"
53,"Heather","Morris","6","5"
578,"Willard","Lumpkin","6","3"
234,"Claudia","Fuller","7","3"
108,"Tracy","Cole","7","13"
309,"Christopher","Greco","8","9"
551,"Clayton","Barbee","5","5"
372,"Steve","Mackenzie","7","16"
280,"Tracey","Barrett","7","11"
306,"Charles","Kowalski","5","2"
430,"Ray","Houle","8","7"
196,"Alma","Austin","8","9"
433,"Don","Bone","7","14"
25,"Deborah","Walker","7","12"
282,"Jenny","Castro","8","4"
494,"Ramon","Choate","8","11"
293,"Mae","Fletcher","6","7"
131,"Monica","Hicks","7","12"
290,"Kristina","Chambers","8","8"
256,"Mabel","Holland","5","5"
399,"Danny","Isom","6","2"
481,"Herman","Devore","7","13"
174,"Yvonne","Watkins","7","7"
356,"Gerald","Fultz","5","1"
15,"Helen","Harris","6","3"
409,"Rodney","Moeller","5","1"
124,"Sheila","Wells","5","4"
545,"Julio","Noland","7","9"
44,"Marie","Turner","7","10"
559,"Everett","Banda","6","4"
17,"Donna","Thompson","7","9"
467,"Alvin","Deloach","7","13"
491,"Rick","Mattox","8","7"
165,"Lorraine","Stephens","5","1"
21,"Michelle","Clark","8","17"
272,"Kay","Caldwell","6","3"
518,"Gabriel","Harder","5","1"
229,"Tamara","Nguyen","7","13"
501,"Ruben","Geary","6","2"
432,"Edwin","Burk","6","3"
530,"Darryl","Ashcraft","8","9"
153,"Suzanne","Nichols","6","4"
154,"Michele","Grant","8","10"
503,"Angel","Barclay","7","10"
455,"Jon","Wiles","5","2"
296,"Ramona","Hale","5","4"
537,"Clinton","Buford","6","4"
305,"Richard","Mccrary","5","1"
143,"Leslie","Gordon","7","9"
211,"Stacey","Montgomery","6","2"
512,"Cecil","Vines","2","1"
20,"Sharon","Robinson","8","13"
339,"Walter","Perryman","6","5"
307,"Joseph","Joy","8","7"
571,"Johnnie","Chisholm","5","2"
491,"Rick","Mattox","5","2"
575,"Isaac","Oglesby","5","5"
40,"Amanda","Carter","5","1"
486,"Glen","Talbert","7","12"
554,"Dwayne","Olvera","5","2"
104,"Rita","Graham","7","10"
152,"Alicia","Mills","7","6"
179,"Dana","Hart","8","10"
481,"Herman","Devore","5","1"
331,"Eric","Robert","7","12"
509,"Raul","Fortier","6","2"
135,"Juanita","Mason","7","14"
192,"Laurie","Lawrence","5","1"
300,"John","Farnsworth","2","1"
319,"Ronald","Weiner","5","3"
414,"Vincent","Ralston","8","10"
537,"Clinton","Buford","8","7"
261,"Deanna","Byrd","5","4"
499,"Marc","Outlaw","6","4"
502,"Brett","Cornwell","7","15"
242,"Glenda","Frazier","8","14"
313,"Donald","Mahon","8","9"
283,"Felicia","Sutton","7","17"
102,"Crystal","Ford","8","7"
203,"Tara","Ryan","6","4"
228,"Allison","Stanley","8","4"
187,"Brittany","Riley","8","9"
221,"Bessie","Morrison","6","5"
129,"Carrie","Porter","7","15"
355,"Terry","Grissom","5","1"
569,"Dave","Gardiner","7","7"
483,"Vernon","Chapa","5","1"
459,"Tommy","Collazo","5","1"
86,"Jacqueline","Long","7","12"
499,"Marc","Outlaw","5","1"
532,"Neil","Renner","2","1"
171,"Dolores","Wagner","8","9"
453,"Calvin","Martel","7","10"
559,"Everett","Banda","8","12"
349,"Joe","Gilliland","5","1"
40,"Amanda","Carter","8","11"
463,"Darrell","Power","8","10"
315,"Kenneth","Gooden","6","1"
56,"Gloria","Cook","6","4"
356,"Gerald","Fultz","6","3"
252,"Mattie","Hoffman","7","10"
405,"Leonard","Schofield","5","2"
527,"Cory","Meehan","2","1"
579,"Daryl","Larue","8","9"
575,"Isaac","Oglesby","8","12"
288,"Bobbie","Craig","5","4"
28,"Cynthia","Young","2","1"
144,"Clara","Shaw","7","18"
5,"Elizabeth","Brown","2","1"
192,"Laurie","Lawrence","6","1"
70,"Christina","Ramirez","7","7"
331,"Eric","Robert","6","3"
289,"Violet","Rodriquez","8","12"
239,"Minnie","Romero","5","6"
576,"Morris","Mccarter","7","15"
204,"Rosemary","Schmidt","5","4"
206,"Terri","Vasquez","8","11"
200,"Jeanne","Lawson","7","10"
275,"Carole","Barnett","7","9"
106,"Connie","Wallace","6","2"
530,"Darryl","Ashcraft","2","1"
19,"Ruth","Martinez","8","9"
13,"Karen","Jackson","6","4"
123,"Shannon","Freeman","5","1"
293,"Mae","Fletcher","5","3"
432,"Edwin","Burk","5","3"
464,"Jerome","Kenyon","7","6"
440,"Bernard","Colby","2","1"
304,"David","Royal","6","4"
481,"Herman","Devore","6","4"
357,"Keith","Rico","8","7"
93,"Phyllis","Foster","8","12"
457,"Bill","Gavin","6","9"
553,"Max","Pitt","6","3"
140,"Eva","Ramos","6","4"
29,"Angela","Hernandez","7","11"
166,"Lynn","Payne","8","10"
334,"Raymond","Mcwhorter","8","13"
523,"Harvey","Guajardo","5","2"
334,"Raymond","Mcwhorter","6","3"
376,"Randy","Gaither","8","10"
318,"Brian","Wyman","7","6"
119,"Sherry","Marshall","6","3"
470,"Gordon","Allard","6","3"
160,"Erin","Dunn","7","9"
146,"Jamie","Rice","7","7"
561,"Ian","Still","7","7"
529,"Erik","Guillen","6","3"
240,"Marlene","Welch","8","8"
523,"Harvey","Guajardo","7","10"
186,"Holly","Fox","8","14"
74,"Denise","Kelly","6","4"
393,"Philip","Causey","5","2"
160,"Erin","Dunn","8","15"
156,"Bertha","Ferguson","8","10"
390,"Shawn","Heaton","5","2"
513,"Duane","Tubbs","7","13"
328,"Jeffrey","Spear","8","11"
511,"Chester","Benner","5","2"
413,"Marvin","Yee","6","2"
251,"Vickie","Brewer","8","10"
339,"Walter","Perryman","5","1"
155,"Gail","Knight","7","10"
336,"Joshua","Mark","8","9"
265,"Jennie","Terry","6","3"
515,"Andre","Rapp","5","2"
66,"Janice","Ward","6","7"
431,"Joel","Francisco","8","9"
342,"Harold","Martino","6","3"
262,"Patsy","Davidson","7","11"
142,"April","Burns","6","2"
187,"Brittany","Riley","5","1"
571,"Johnnie","Chisholm","6","6"
385,"Phillip","Holm","8","10"
529,"Erik","Guillen","7","13"
324,"Gary","Coy","5","1"
419,"Chad","Carbone","7","13"
219,"Willie","Howell","2","1"
18,"Carol","Garcia","5","3"
441,"Mario","Cheatham","2","1"
380,"Russell","Brinson","5","1"
198,"Elsie","Kelley","8","16"
239,"Minnie","Romero","6","5"
566,"Casey","Mena","7","18"
277,"Olga","Jimenez","6","7"
318,"Brian","Wyman","5","1"
486,"Glen","Talbert","5","3"
438,"Barry","Lovelace","8","9"
546,"Kelly","Knott","6","4"
62,"Joan","Cooper","5","2"
35,"Virginia","Green","7","16"
489,"Ricardo","Meador","6","4"
173,"Audrey","Ray","5","2"
65,"Rose","Howard","8","9"
462,"Warren","Sherrod","7","16"
480,"Corey","Hauser","8","9"
126,"Ellen","Simpson","5","3"
82,"Kathryn","Coleman","8","8"
203,"Tara","Ryan","7","7"
401,"Tony","Carranza","7","9"
484,"Roberto","Vu","7","15"
586,"Kirk","Stclair","7","6"
210,"Ella","Oliver","7","18"
203,"Tara","Ryan","8","8"
487,"Hector","Poindexter","6","1"
467,"Alvin","Deloach","6","4"
279,"Dianne","Shelton","8","14"
97,"Annie","Russell","8","3"
22,"Laura","Rodriguez","2","1"
25,"Deborah","Walker","5","2"
368,"Harry","Arce","5","4"
72,"Theresa","Watson","8","16"
380,"Russell","Brinson","6","8"
429,"Frederick","Isbell","6","4"
544,"Cody","Nolen","8","10"
346,"Arthur","Simpkins","7","15"
540,"Tyrone","Asher","6","5"
189,"Loretta","Carpenter","7","10"
354,"Justin","Ngo","5","3"
319,"Ronald","Weiner","7","12"
367,"Adam","Gooch","5","2"
523,"Harvey","Guajardo","8","6"
482,"Maurice","Crawley","5","3"
411,"Norman","Currier","2","1"
386,"Todd","Tan","6","5"
15,"Helen","Harris","7","9"
546,"Kelly","Knott","8","9"
292,"Misty","Lambert","5","1"
44,"Marie","Turner","8","6"
168,"Regina","Berry","2","1"
32,"Amy","Lopez","8","7"
28,"Cynthia","Young","8","10"
44,"Marie","Turner","5","5"
135,"Juanita","Mason","2","1"
218,"Vera","Mccoy","8","7"
206,"Terri","Vasquez","7","13"
160,"Erin","Dunn","6","3"
288,"Bobbie","Craig","8","10"
141,"Debbie","Reyes","8","17"
377,"Howard","Fortner","8","10"
460,"Leon","Bostic","5","4"
245,"Courtney","Day","2","1"
579,"Daryl","Larue","7","14"
352,"Albert","Crouse","7","9"
300,"John","Farnsworth","6","2"
272,"Kay","Caldwell","8","7"
279,"Dianne","Shelton","5","2"
590,"Seth","Hannon","8","4"
498,"Gene","Sanborn","6","6"
525,"Adrian","Clary","2","1"
239,"Minnie","Romero","7","12"
308,"Thomas","Grigsby","7","6"
228,"Allison","Stanley","5","2"
200,"Jeanne","Lawson","8","8"
346,"Arthur","Simpkins","8","12"
379,"Carlos","Coughlin","5","2"
330,"Scott","Shelley","7","12"
349,"Joe","Gilliland","2","1"
536,"Fernando","Churchill","7","12"
490,"Sam","Mcduffie","7","14"
420,"Jacob","Lance","5","1"
30,"Melissa","King","8","11"
498,"Gene","Sanborn","8","3"
39,"Debra","Nelson","6","6"
78,"Lori","Wood","8","14"
208,"Lucy","Wheeler","6","5"
142,"April","Burns","5","3"
316,"Steven","Curley","7","12"
409,"Rodney","Moeller","8","5"
142,"April","Burns","2","1"
5,"Elizabeth","Brown","5","3"
428,"Herbert","Kruger","7","11"
417,"Travis","Estep","5","3"
505,"Rafael","Abney","6","4"
493,"Brent","Harkins","7","8"
216,"Natalie","Meyer","6","5"
11,"Lisa","Anderson","8","8"
289,"Violet","Rodriquez","6","6"
162,"Lauren","Hudson","7","7"
274,"Naomi","Jennings","7","10"
2,"Patricia","Johnson","8","11"
8,"Susan","Wilson","6","3"
28,"Cynthia","Young","5","2"
200,"Jeanne","Lawson","2","1"
450,"Jay","Robb","6","7"
579,"Daryl","Larue","6","3"
196,"Alma","Austin","6","8"
70,"Christina","Ramirez","5","1"
554,"Dwayne","Olvera","7","4"
93,"Phyllis","Foster","6","2"
352,"Albert","Crouse","2","1"
323,"Matthew","Mahan","8","10"
245,"Courtney","Day","7","16"
359,"Willie","Markham","5","3"
175,"Annette","Olson","8","9"
268,"Nina","Soto","7","12"
176,"June","Carroll","7","12"
42,"Carolyn","Perez","6","4"
503,"Angel","Barclay","5","4"
72,"Theresa","Watson","7","10"
217,"Agnes","Bishop","8","9"
62,"Joan","Cooper","7","5"
263,"Hilda","Hopkins","5","2"
466,"Leo","Ebert","6","5"
512,"Cecil","Vines","6","3"
313,"Donald","Mahon","6","3"
396,"Earl","Shanks","7","12"
209,"Tonya","Chapman","6","4"
64,"Judith","Cox","6","2"
199,"Beth","Franklin","6","3"
113,"Cindy","Fisher","6","6"
267,"Margie","Wade","6","9"
48,"Ann","Evans","7","8"
83,"Louise","Jenkins","8","8"
263,"Hilda","Hopkins","8","11"
341,"Peter","Menard","7","7"
565,"Jaime","Nettles","8","13"
463,"Darrell","Power","6","4"
129,"Carrie","Porter","8","13"
53,"Heather","Morris","5","6"
237,"Tanya","Gilbert","6","5"
333,"Andrew","Purdy","6","4"
516,"Elmer","Noe","7","9"
469,"Wesley","Bull","6","2"
94,"Norma","Gonzales","7","7"
279,"Dianne","Shelton","2","1"
457,"Bill","Gavin","2","2"
391,"Clarence","Gamez","5","5"
590,"Seth","Hannon","6","5"
594,"Eduardo","Hiatt","5","4"
177,"Samantha","Duncan","8","11"
121,"Josephine","Gomez","5","1"
434,"Eddie","Tomlin","5","1"
396,"Earl","Shanks","5","1"
344,"Henry","Billingsley","8","7"
300,"John","Farnsworth","5","3"
553,"Max","Pitt","5","1"
485,"Clyde","Tobias","8","8"
460,"Leon","Bostic","6","1"
68,"Nicole","Peterson","7","10"
294,"Shelly","Watts","8","13"
502,"Brett","Cornwell","5","4"
432,"Edwin","Burk","8","5"
180,"Stacy","Cunningham","8","9"
418,"Jeff","East","8","17"
412,"Allen","Butterfield","2","1"
35,"Virginia","Green","5","2"
335,"Gregory","Mauldin","6","1"
337,"Jerry","Jordon","6","2"
482,"Maurice","Crawley","7","12"
446,"Theodore","Culp","5","3"
428,"Herbert","Kruger","5","1"
421,"Lee","Hawks","8","9"
525,"Adrian","Clary","8","5"
111,"Carmen","Owens","6","6"
427,"Jesus","Mccartney","7","10"
560,"Jordan","Archuleta","6","2"
398,"Antonio","Meek","5","1"
441,"Mario","Cheatham","5","1"
275,"Carole","Barnett","8","16"
350,"Juan","Fraley","5","2"
169,"Erica","Matthews","5","2"
144,"Clara","Shaw","8","16"
41,"Stephanie","Mitchell","7","15"
6,"Jennifer","Davis","5","3"
333,"Andrew","Purdy","5","1"
201,"Vicki","Fields","5","3"
511,"Chester","Benner","8","7"
56,"Gloria","Cook","7","9"
273,"Priscilla","Lowe","6","5"
378,"Eugene","Culpepper","8","6"
538,"Ted","Breaux","7","14"
219,"Willie","Howell","7","15"
552,"Hugh","Waldrop","7","9"
411,"Norman","Currier","6","3"
251,"Vickie","Brewer","7","11"
238,"Nellie","Garrett","7","9"
499,"Marc","Outlaw","7","12"
570,"Ivan","Cromwell","7","14"
265,"Jennie","Terry","7","16"
504,"Nathaniel","Adam","7","11"
597,"Freddie","Duggan","5","2"
514,"Franklin","Troutman","6","6"
30,"Melissa","King","7","19"
273,"Priscilla","Lowe","5","2"
107,"Florence","Woods","7","14"
73,"Beverly","Brooks","5","2"
517,"Brad","Mccurdy","7","12"
387,"Jesse","Schilling","8","11"
245,"Courtney","Day","8","6"
39,"Debra","Nelson","8","8"
100,"Robin","Hayes","8","5"
249,"Dora","Medina","6","5"
528,"Claude","Herzog","6","2"
129,"Carrie","Porter","6","6"
500,"Reginald","Kinder","8","9"
93,"Phyllis","Foster","7","6"
134,"Emma","Boyd","7","6"
139,"Amber","Dixon","6","4"
582,"Andy","Vanhorn","2","1"
329,"Frank","Waggoner","8","10"
134,"Emma","Boyd","6","4"
66,"Janice","Ward","5","1"
65,"Rose","Howard","7","9"
531,"Jamie","Waugh","5","2"
286,"Velma","Lucas","5","1"
361,"Lawrence","Lawton","7","10"
183,"Ida","Andrews","7","11"
224,"Pearl","Garza","7","9"
545,"Julio","Noland","8","9"
501,"Ruben","Geary","8","8"
550,"Guy","Brownlee","2","1"
317,"Edward","Baugh","7","12"
495,"Charlie","Bess","6","4"
598,"Wade","Delvalle","8","5"
230,"Joy","George","8","10"
350,"Juan","Fraley","7","8"
351,"Jack","Foust","7","13"
126,"Ellen","Simpson","7","13"
563,"Ken","Prewitt","5","2"
376,"Randy","Gaither","7","15"
598,"Wade","Delvalle","6","1"
167,"Sally","Pierce","6","3"
530,"Darryl","Ashcraft","7","9"
207,"Gertrude","Castillo","8","12"
400,"Bryan","Hardison","6","3"
53,"Heather","Morris","8","10"
407,"Dale","Ratcliff","7","11"
43,"Christine","Roberts","6","1"
513,"Duane","Tubbs","6","3"
284,"Sonia","Gregory","7","12"
154,"Michele","Grant","5","3"
522,"Arnold","Havens","8","10"
26,"Jessica","Hall","6","7"
460,"Leon","Bostic","8","12"
110,"Tiffany","Jordan","5","2"
388,"Craig","Morrell","2","1"
361,"Lawrence","Lawton","2","2"
445,"Micheal","Forman","8","14"
218,"Vera","Mccoy","7","8"
6,"Jennifer","Davis","7","9"
197,"Sue","Peters","7","8"
156,"Bertha","Ferguson","7","9"
152,"Alicia","Mills","6","1"
104,"Rita","Graham","8","8"
458,"Lloyd","Dowd","6","2"
584,"Salvador","Teel","6","2"
544,"Cody","Nolen","7","6"
14,"Betty","White","7","12"
524,"Jared","Ely","6","3"
537,"Clinton","Buford","5","1"
437,"Randall","Neumann","5","3"
120,"Sylvia","Ortiz","8","10"
221,"Bessie","Morrison","7","12"
456,"Ronnie","Ricketts","5","1"
479,"Zachary","Hite","8","7"
367,"Adam","Gooch","7","11"
514,"Franklin","Troutman","7","4"
330,"Scott","Shelley","5","2"
528,"Claude","Herzog","7","11"
525,"Adrian","Clary","6","1"
505,"Rafael","Abney","5","2"
547,"Kurt","Emmons","7","10"
216,"Natalie","Meyer","2","2"
507,"Edgar","Rhoads","8","5"
7,"Maria","Miller","7","11"
509,"Raul","Fortier","7","9"
191,"Jeanette","Greene","7","9"
269,"Cassandra","Walters","5","6"
405,"Leonard","Schofield","7","11"
368,"Harry","Arce","8","13"
323,"Matthew","Mahan","6","3"
369,"Fred","Wheat","2","1"
170,"Beatrice","Arnold","8","9"
389,"Alan","Kahn","5","1"
307,"Joseph","Joy","6","6"
293,"Mae","Fletcher","7","10"
155,"Gail","Knight","5","1"
191,"Jeanette","Greene","2","1"
258,"Myrtle","Fleming","6","3"
519,"Ron","Deluca","8","6"
150,"Danielle","Daniels","8","16"
236,"Marcia","Dean","2","1"
113,"Cindy","Fisher","5","2"
246,"Marian","Mendoza","8","7"
534,"Christian","Jung","5","2"
87,"Wanda","Patterson","6","5"
417,"Travis","Estep","7","7"
599,"Austin","Cintron","8","7"
568,"Alberto","Henning","2","1"
198,"Elsie","Kelley","5","5"
73,"Beverly","Brooks","7","10"
193,"Katie","Elliott","2","1"
20,"Sharon","Robinson","5","3"
58,"Jean","Bell","7","9"
163,"Cathy","Spencer","8","10"
98,"Lillian","Griffin","5","1"
100,"Robin","Hayes","7","13"
267,"Margie","Wade","5","3"
508,"Milton","Howland","6","1"
495,"Charlie","Bess","2","1"
112,"Rosa","Reynolds","8","13"
392,"Sean","Douglass","7","8"
505,"Rafael","Abney","2","1"
234,"Claudia","Fuller","2","1"
383,"Martin","Bales","7","9"
403,"Mike","Way","7","12"
7,"Maria","Miller","5","5"
260,"Christy","Vargas","5","1"
215,"Jessie","Banks","7","7"
17,"Donna","Thompson","5","3"
245,"Courtney","Day","5","6"
190,"Yolanda","Weaver","7","7"
117,"Edith","Mcdonald","6","2"
599,"Austin","Cintron","5","1"
426,"Bradley","Motley","5","1"
391,"Clarence","Gamez","8","9"
233,"Lillie","Kim","6","4"
2,"Patricia","Johnson","5","1"
22,"Laura","Rodriguez","5","3"
157,"Darlene","Rose","5","2"
176,"June","Carroll","6","8"
42,"Carolyn","Perez","5","1"
257,"Marsha","Douglas","5","3"
237,"Tanya","Gilbert","5","2"
105,"Dawn","Sullivan","5","4"
271,"Penny","Neal","8","7"
464,"Jerome","Kenyon","8","6"
180,"Stacy","Cunningham","7","10"
544,"Cody","Nolen","6","4"
585,"Perry","Swafford","6","4"
257,"Marsha","Douglas","8","14"
336,"Joshua","Mark","6","8"
549,"Nelson","Christenson","8","6"
410,"Curtis","Irby","6","6"
360,"Ralph","Madrigal","8","11"
304,"David","Royal","5","3"
131,"Monica","Hicks","8","13"
493,"Brent","Harkins","8","9"
163,"Cathy","Spencer","7","11"
75,"Tammy","Sanders","5","2"
191,"Jeanette","Greene","6","6"
243,"Lydia","Burke","5","1"
565,"Jaime","Nettles","5","2"
87,"Wanda","Patterson","2","1"
46,"Catherine","Campbell","5","3"
352,"Albert","Crouse","5","1"
503,"Angel","Barclay","6","3"
69,"Judy","Gray","5","2"
399,"Danny","Isom","8","8"
161,"Geraldine","Perkins","7","10"
316,"Steven","Curley","8","7"
412,"Allen","Butterfield","7","7"
179,"Dana","Hart","7","14"
406,"Nathan","Runyon","5","1"
178,"Marion","Snyder","2","1"
233,"Lillie","Kim","8","6"
301,"Robert","Baughman","7","10"
462,"Warren","Sherrod","8","12"
576,"Morris","Mccarter","2","2"
181,"Ana","Bradley","7","12"
186,"Holly","Fox","2","1"
476,"Derrick","Bourque","6","4"
110,"Tiffany","Jordan","8","4"
60,"Mildred","Bailey","8","10"
5,"Elizabeth","Brown","7","16"
282,"Jenny","Castro","5","3"
208,"Lucy","Wheeler","7","13"
149,"Valerie","Black","6","7"
223,"Melinda","Fernandez","8","7"
249,"Dora","Medina","8","6"
426,"Bradley","Motley","8","10"
270,"Leah","Curtis","5","2"
494,"Ramon","Choate","5","1"
465,"Floyd","Gandy","7","3"
343,"Douglas","Graf","7","9"
193,"Katie","Elliott","5","2"
147,"Joanne","Robertson","5","2"
102,"Crystal","Ford","5","3"
81,"Andrea","Henderson","5","1"
305,"Richard","Mccrary","6","4"
589,"Tracy","Herrmann","8","10"
318,"Brian","Wyman","8","1"
369,"Fred","Wheat","8","7"
274,"Naomi","Jennings","6","2"
446,"Theodore","Culp","6","6"
120,"Sylvia","Ortiz","6","6"
534,"Christian","Jung","2","1"
294,"Shelly","Watts","7","10"
213,"Gina","Williamson","5","1"
378,"Eugene","Culpepper","6","4"
476,"Derrick","Bourque","2","1"
407,"Dale","Ratcliff","6","2"
366,"Brandon","Huey","2","1"
48,"Ann","Evans","6","2"
133,"Pauline","Henry","6","4"
368,"Harry","Arce","7","12"
210,"Ella","Oliver","6","2"
554,"Dwayne","Olvera","6","4"
33,"Anna","Hill","7","8"
180,"Stacy","Cunningham","2","1"
514,"Franklin","Troutman","8","11"
206,"Terri","Vasquez","6","3"
516,"Elmer","Noe","8","7"
327,"Larry","Thrasher","2","1"
264,"Gwendolyn","May","6","4"
231,"Georgia","Jacobs","8","11"
264,"Gwendolyn","May","2","1"
432,"Edwin","Burk","7","12"
270,"Leah","Curtis","7","7"
454,"Alex","Gresham","6","10"
582,"Andy","Vanhorn","6","3"
324,"Gary","Coy","8","9"
314,"George","Linton","6","2"
361,"Lawrence","Lawton","8","13"
573,"Byron","Box","5","1"
386,"Todd","Tan","8","10"
532,"Neil","Renner","8","14"
32,"Amy","Lopez","6","4"
452,"Tom","Milner","2","1"
385,"Phillip","Holm","7","11"
237,"Tanya","Gilbert","7","15"
583,"Marshall","Thorn","6","6"
585,"Perry","Swafford","7","13"
159,"Jill","Hawkins","5","4"
437,"Randall","Neumann","6","3"
60,"Mildred","Bailey","5","3"
444,"Marcus","Hidalgo","5","2"
36,"Kathleen","Adams","7","13"
556,"Armando","Gruber","5","3"
24,"Kimberly","Lee","5","2"
309,"Christopher","Greco","6","4"
127,"Elaine","Stevens","7","7"
223,"Melinda","Fernandez","6","2"
82,"Kathryn","Coleman","7","11"
273,"Priscilla","Lowe","7","15"
407,"Dale","Ratcliff","5","1"
45,"Janet","Phillips","5","1"
333,"Andrew","Purdy","7","13"
461,"Derek","Blakely","7","11"
289,"Violet","Rodriquez","7","12"
510,"Ben","Easter","7","10"
399,"Danny","Isom","7","8"
87,"Wanda","Patterson","7","11"
321,"Kevin","Schuler","8","7"
194,"Kristen","Chavez","5","2"
362,"Nicholas","Barfield","8","11"
15,"Helen","Harris","8","18"
541,"Darren","Windham","6","2"
22,"Laura","Rodriguez","6","1"
146,"Jamie","Rice","5","2"
507,"Edgar","Rhoads","7","15"
422,"Melvin","Ellington","2","1"
178,"Marion","Snyder","7","18"
52,"Julie","Sanchez","6","4"
82,"Kathryn","Coleman","5","2"
493,"Brent","Harkins","6","4"
278,"Billie","Horton","6","4"
429,"Frederick","Isbell","5","5"
44,"Marie","Turner","2","1"
549,"Nelson","Christenson","6","1"
263,"Hilda","Hopkins","6","2"
269,"Cassandra","Walters","7","9"
133,"Pauline","Henry","8","8"
484,"Roberto","Vu","8","8"
474,"Dustin","Gillette","8","12"
232,"Constance","Reid","6","2"
23,"Sarah","Lewis","8","8"
7,"Maria","Miller","6","5"
63,"Ashley","Richardson","8","10"
276,"Brandy","Graves","8","12"
164,"Joann","Gardner","7","10"
107,"Florence","Woods","2","2"
236,"Marcia","Dean","8","10"
311,"Paul","Trout","8","7"
104,"Rita","Graham","6","4"
55,"Doris","Reed","6","5"
420,"Jacob","Lance","6","3"
477,"Dan","Paine","6","4"
348,"Roger","Quintanilla","7","16"
197,"Sue","Peters","5","8"
371,"Billy","Poulin","6","7"
296,"Ramona","Hale","6","3"
179,"Dana","Hart","6","2"
529,"Erik","Guillen","8","12"
217,"Agnes","Bishop","6","3"
405,"Leonard","Schofield","8","12"
366,"Brandon","Huey","8","14"
241,"Heidi","Larson","5","2"
74,"Denise","Kelly","5","1"
577,"Clifton","Malcolm","6","3"
379,"Carlos","Coughlin","6","3"
266,"Nora","Herrera","5","2"
21,"Michelle","Clark","5","3"
353,"Jonathan","Scarborough","8","9"
77,"Jane","Bennett","8","11"
221,"Bessie","Morrison","5","1"
396,"Earl","Shanks","8","11"
387,"Jesse","Schilling","7","5"
483,"Vernon","Chapa","7","9"
217,"Agnes","Bishop","7","9"
38,"Martha","Gonzalez","8","11"
326,"Jose","Andrew","5","3"
16,"Sandra","Martin","7","10"
262,"Patsy","Davidson","6","4"
548,"Allan","Cornish","8","6"
332,"Stephen","Qualls","7","17"
398,"Antonio","Meek","6","3"
315,"Kenneth","Gooden","8","5"
281,"Leona","Obrien","6","2"
1,"Mary","Smith","7","12"
551,"Clayton","Barbee","6","2"
508,"Milton","Howland","7","14"
151,"Megan","Palmer","7","10"
162,"Lauren","Hudson","6","5"
178,"Marion","Snyder","6","8"
259,"Lena","Jensen","7","10"
474,"Dustin","Gillette","5","1"
323,"Matthew","Mahan","5","3"
337,"Jerry","Jordon","2","1"
295,"Daisy","Bates","8","9"
150,"Danielle","Daniels","5","3"
18,"Carol","Garcia","7","9"
472,"Greg","Robins","2","1"
39,"Debra","Nelson","7","15"
29,"Angela","Hernandez","5","1"
449,"Oscar","Aquino","6","3"
340,"Patrick","Newsom","8","14"
594,"Eduardo","Hiatt","8","3"
284,"Sonia","Gregory","2","2"
298,"Erika","Pena","5","1"
560,"Jordan","Archuleta","7","14"
346,"Arthur","Simpkins","6","3"
513,"Duane","Tubbs","5","1"
416,"Jeffery","Pinson","7","10"
369,"Fred","Wheat","6","1"
355,"Terry","Grissom","2","1"
345,"Carl","Artis","5","2"
449,"Oscar","Aquino","8","6"
291,"Toni","Holt","5","3"
347,"Ryan","Salisbury","6","5"
322,"Jason","Morrissey","5","2"
582,"Andy","Vanhorn","7","10"
68,"Nicole","Peterson","6","5"
525,"Adrian","Clary","5","1"
424,"Kyle","Spurlock","6","3"
450,"Jay","Robb","8","10"
299,"James","Gannon","6","7"
522,"Arnold","Havens","6","4"
168,"Regina","Berry","8","13"
350,"Juan","Fraley","6","4"
303,"William","Satterfield","6","4"
313,"Donald","Mahon","7","7"
415,"Glenn","Pullen","5","1"
48,"Ann","Evans","5","3"
362,"Nicholas","Barfield","7","15"
513,"Duane","Tubbs","8","14"
474,"Dustin","Gillette","6","2"
229,"Tamara","Nguyen","8","7"
278,"Billie","Horton","7","9"
567,"Alfredo","Mcadams","8","7"
202,"Carla","Gutierrez","7","13"
10,"Dorothy","Taylor","8","8"
253,"Terry","Carlson","7","9"
561,"Ian","Still","8","8"
50,"Diane","Collins","6","4"
534,"Christian","Jung","7","7"
515,"Andre","Rapp","6","6"
366,"Brandon","Huey","6","2"
130,"Charlotte","Hunter","6","6"
490,"Sam","Mcduffie","8","7"
137,"Rhonda","Kennedy","6","4"
216,"Natalie","Meyer","7","6"
478,"Lewis","Lyman","7","7"
80,"Marilyn","Ross","6","3"
227,"Colleen","Burton","5","2"
23,"Sarah","Lewis","2","1"
578,"Willard","Lumpkin","7","11"
49,"Joyce","Edwards","7","13"
47,"Frances","Parker","8","6"
48,"Ann","Evans","8","4"
570,"Ivan","Cromwell","5","1"
91,"Lois","Butler","7","19"
41,"Stephanie","Mitchell","2","1"
309,"Christopher","Greco","7","16"
42,"Carolyn","Perez","8","7"
94,"Norma","Gonzales","2","1"
114,"Grace","Ellis","8","10"
85,"Anne","Powell","6","6"
262,"Patsy","Davidson","5","1"
22,"Laura","Rodriguez","7","7"
115,"Wendy","Harrison","7","15"
6,"Jennifer","Davis","8","12"
392,"Sean","Douglass","6","4"
236,"Marcia","Dean","7","20"
382,"Victor","Barkley","6","5"
416,"Jeffery","Pinson","5","3"
73,"Beverly","Brooks","8","9"
427,"Jesus","Mccartney","6","5"
62,"Joan","Cooper","8","9"
470,"Gordon","Allard","7","17"
141,"Debbie","Reyes","5","1"
283,"Felicia","Sutton","8","6"
586,"Kirk","Stclair","8","9"
574,"Julian","Vest","5","1"
343,"Douglas","Graf","8","7"
317,"Edward","Baugh","8","11"
290,"Kristina","Chambers","6","5"
190,"Yolanda","Weaver","8","12"
367,"Adam","Gooch","6","1"
580,"Ross","Grey","7","15"
175,"Annette","Olson","2","2"
89,"Julia","Flores","6","5"
519,"Ron","Deluca","7","13"
592,"Terrance","Roush","2","1"
596,"Enrique","Forsythe","8","13"
36,"Kathleen","Adams","6","1"
102,"Crystal","Ford","6","2"
20,"Sharon","Robinson","6","4"
105,"Dawn","Sullivan","6","3"
200,"Jeanne","Lawson","5","1"
393,"Philip","Causey","6","5"
116,"Victoria","Gibson","8","10"
374,"Jeremy","Hurtado","8","10"
248,"Caroline","Bowman","7","6"
510,"Ben","Easter","8","5"
64,"Judith","Cox","7","19"
12,"Nancy","Thomas","6","6"
34,"Rebecca","Scott","7","9"
243,"Lydia","Burke","6","3"
43,"Christine","Roberts","2","2"
399,"Danny","Isom","5","3"
414,"Vincent","Ralston","6","3"
207,"Gertrude","Castillo","5","6"
257,"Marsha","Douglas","7","18"
143,"Leslie","Gordon","6","5"
551,"Clayton","Barbee","8","11"
574,"Julian","Vest","6","5"
244,"Viola","Hanson","2","1"
397,"Jimmy","Schrader","5","1"
174,"Yvonne","Watkins","5","2"
88,"Bonnie","Hughes","8","6"
295,"Daisy","Bates","6","9"
93,"Phyllis","Foster","5","3"
143,"Leslie","Gordon","5","2"
359,"Willie","Markham","7","9"
575,"Isaac","Oglesby","7","9"
397,"Jimmy","Schrader","8","13"
120,"Sylvia","Ortiz","5","2"
99,"Emily","Diaz","5","1"
271,"Penny","Neal","7","9"
484,"Roberto","Vu","6","4"
275,"Carole","Barnett","6","4"
381,"Bobby","Boudreau","5","3"
291,"Toni","Holt","8","5"
94,"Norma","Gonzales","6","5"
192,"Laurie","Lawrence","2","1"
486,"Glen","Talbert","8","7"
98,"Lillian","Griffin","8","9"
415,"Glenn","Pullen","6","2"
104,"Rita","Graham","5","2"
568,"Alberto","Henning","6","5"
590,"Seth","Hannon","7","14"
358,"Samuel","Marlow","6","6"
74,"Denise","Kelly","7","10"
548,"Allan","Cornish","6","3"
469,"Wesley","Bull","5","5"
363,"Roy","Whiting","7","15"
581,"Virgil","Wofford","5","2"
545,"Julio","Noland","5","2"
118,"Kim","Cruz","5","1"
315,"Kenneth","Gooden","5","2"
1,"Mary","Smith","6","7"
184,"Vivian","Ruiz","5","3"
371,"Billy","Poulin","7","12"
8,"Susan","Wilson","5","1"
406,"Nathan","Runyon","7","18"
431,"Joel","Francisco","6","7"
90,"Ruby","Washington","8","13"
284,"Sonia","Gregory","6","3"
215,"Jessie","Banks","5","2"
72,"Theresa","Watson","6","1"
259,"Lena","Jensen","6","4"
550,"Guy","Brownlee","6","6"
180,"Stacy","Cunningham","6","2"
435,"Ricky","Shelby","7","10"
526,"Karl","Seal","6","9"
282,"Jenny","Castro","2","1"
83,"Louise","Jenkins","6","4"
437,"Randall","Neumann","8","7"
62,"Joan","Cooper","6","7"
151,"Megan","Palmer","8","10"
214,"Kristin","Johnston","7","8"
136,"Anita","Morales","7","6"
18,"Carol","Garcia","6","4"
52,"Julie","Sanchez","5","1"
171,"Dolores","Wagner","7","9"
15,"Helen","Harris","2","2"
498,"Gene","Sanborn","7","15"
416,"Jeffery","Pinson","6","5"
197,"Sue","Peters","6","8"
191,"Jeanette","Greene","8","2"
258,"Myrtle","Fleming","8","11"
421,"Lee","Hawks","5","2"
597,"Freddie","Duggan","7","7"
571,"Johnnie","Chisholm","8","7"
454,"Alex","Gresham","8","11"
58,"Jean","Bell","5","3"
108,"Tracy","Cole","5","2"
484,"Roberto","Vu","5","3"
515,"Andre","Rapp","7","8"
409,"Rodney","Moeller","6","2"
65,"Rose","Howard","6","2"
139,"Amber","Dixon","7","12"
370,"Wayne","Truong","8","10"
442,"Leroy","Bustamante","7","16"
344,"Henry","Billingsley","7","6"
447,"Clifford","Bowens","7","11"
400,"Bryan","Hardison","5","4"
477,"Dan","Paine","8","7"
327,"Larry","Thrasher","6","6"
493,"Brent","Harkins","2","1"
279,"Dianne","Shelton","6","5"
458,"Lloyd","Dowd","8","8"
132,"Esther","Crawford","7","14"
158,"Veronica","Stone","8","13"
563,"Ken","Prewitt","6","2"
375,"Aaron","Selby","6","3"
3,"Linda","Williams","5","2"
579,"Daryl","Larue","2","1"
249,"Dora","Medina","7","8"
179,"Dana","Hart","5","3"
486,"Glen","Talbert","6","4"
281,"Leona","Obrien","5","2"
535,"Javier","Elrod","5","4"
595,"Terrence","Gunderson","7","19"
335,"Gregory","Mauldin","7","15"
21,"Michelle","Clark","6","5"
563,"Ken","Prewitt","7","16"
280,"Tracey","Barrett","8","12"
332,"Stephen","Qualls","8","9"
75,"Tammy","Sanders","7","20"
24,"Kimberly","Lee","6","5"
430,"Ray","Houle","5","2"
498,"Gene","Sanborn","5","3"
64,"Judith","Cox","8","8"
585,"Perry","Swafford","2","1"
436,"Troy","Quigley","7","12"
103,"Gladys","Hamilton","5","2"
505,"Rafael","Abney","7","6"
493,"Brent","Harkins","5","1"
455,"Jon","Wiles","8","9"
526,"Karl","Seal","5","3"
20,"Sharon","Robinson","7","10"
106,"Connie","Wallace","7","10"
291,"Toni","Holt","6","3"
295,"Daisy","Bates","5","1"
480,"Corey","Hauser","5","3"
75,"Tammy","Sanders","6","5"
185,"Roberta","Harper","5","3"
58,"Jean","Bell","6","3"
215,"Jessie","Banks","6","6"
435,"Ricky","Shelby","6","2"
99,"Emily","Diaz","8","5"
37,"Pamela","Baker","7","6"
295,"Daisy","Bates","7","18"
456,"Ronnie","Ricketts","6","7"
169,"Erica","Matthews","6","2"
236,"Marcia","Dean","5","3"
61,"Katherine","Rivera","8","7"
438,"Barry","Lovelace","7","14"
558,"Jimmie","Eggleston","7","15"
530,"Darryl","Ashcraft","6","3"
487,"Hector","Poindexter","8","11"
417,"Travis","Estep","2","1"
429,"Frederick","Isbell","8","3"
219,"Willie","Howell","6","2"
224,"Pearl","Garza","8","10"
50,"Diane","Collins","5","5"
369,"Fred","Wheat","7","12"
275,"Carole","Barnett","5","1"
281,"Leona","Obrien","8","2"
69,"Judy","Gray","6","2"
349,"Joe","Gilliland","6","4"
84,"Sara","Perry","5","3"
252,"Mattie","Hoffman","8","6"
209,"Tonya","Chapman","7","17"
438,"Barry","Lovelace","2","1"
431,"Joel","Francisco","5","1"
51,"Alice","Stewart","7","12"
150,"Danielle","Daniels","6","2"
101,"Peggy","Myers","7","12"
355,"Terry","Grissom","8","5"
364,"Benjamin","Varney","7","8"
439,"Alexander","Fennell","8","15"
158,"Veronica","Stone","6","4"
118,"Kim","Cruz","6","3"
450,"Jay","Robb","2","1"
467,"Alvin","Deloach","8","11"
158,"Veronica","Stone","5","2"
46,"Catherine","Campbell","7","8"
483,"Vernon","Chapa","6","3"
245,"Courtney","Day","6","3"
353,"Jonathan","Scarborough","7","5"
569,"Dave","Gardiner","8","18"
285,"Miriam","Mckinney","7","13"
149,"Valerie","Black","8","7"
97,"Annie","Russell","7","12"
91,"Lois","Butler","6","4"
397,"Jimmy","Schrader","7","13"
570,"Ivan","Cromwell","8","3"
185,"Roberta","Harper","8","5"
67,"Kelly","Torres","5","2"
534,"Christian","Jung","8","9"
419,"Chad","Carbone","8","10"
376,"Randy","Gaither","5","1"
161,"Geraldine","Perkins","5","6"
574,"Julian","Vest","7","15"
288,"Bobbie","Craig","6","1"
522,"Arnold","Havens","7","18"
167,"Sally","Pierce","7","15"
388,"Craig","Morrell","5","2"
560,"Jordan","Archuleta","8","11"
373,"Louis","Leone","5","1"
581,"Virgil","Wofford","8","8"
394,"Chris","Brothers","6","1"
535,"Javier","Elrod","7","11"
135,"Juanita","Mason","8","10"
118,"Kim","Cruz","7","11"
82,"Kathryn","Coleman","6","5"
268,"Nina","Soto","6","8"
300,"John","Farnsworth","8","11"
207,"Gertrude","Castillo","7","15"
80,"Marilyn","Ross","2","1"
152,"Alicia","Mills","2","1"
319,"Ronald","Weiner","6","6"
385,"Phillip","Holm","5","2"
433,"Don","Bone","5","2"
60,"Mildred","Bailey","7","8"
187,"Brittany","Riley","6","7"
528,"Claude","Herzog","8","7"
44,"Marie","Turner","6","4"
348,"Roger","Quintanilla","8","15"
166,"Lynn","Payne","7","13"
464,"Jerome","Kenyon","5","2"
193,"Katie","Elliott","6","6"
366,"Brandon","Huey","7","19"
79,"Rachel","Barnes","5","3"
47,"Frances","Parker","7","10"
430,"Ray","Houle","7","7"
250,"Jo","Fowler","7","7"
273,"Priscilla","Lowe","8","13"
255,"Irma","Pearson","8","7"
188,"Melanie","Armstrong","2","1"
151,"Megan","Palmer","6","5"
268,"Nina","Soto","8","9"
76,"Irene","Price","5","2"
538,"Ted","Breaux","5","2"
584,"Salvador","Teel","8","13"
518,"Gabriel","Harder","7","13"
436,"Troy","Quigley","6","1"
457,"Bill","Gavin","8","9"
67,"Kelly","Torres","7","8"
68,"Nicole","Peterson","8","7"
310,"Daniel","Cabral","5","1"
277,"Olga","Jimenez","8","12"
147,"Joanne","Robertson","6","4"
130,"Charlotte","Hunter","7","8"
306,"Charles","Kowalski","7","14"
109,"Edna","West","6","5"
4,"Barbara","Jones","7","5"
362,"Nicholas","Barfield","5","1"
6,"Jennifer","Davis","6","4"
208,"Lucy","Wheeler","5","1"
518,"Gabriel","Harder","8","10"
528,"Claude","Herzog","5","5"
124,"Sheila","Wells","8","5"
247,"Stella","Moreno","5","3"
538,"Ted","Breaux","8","9"
444,"Marcus","Hidalgo","7","8"
264,"Gwendolyn","May","7","12"
53,"Heather","Morris","7","7"
404,"Stanley","Scroggins","8","11"
158,"Veronica","Stone","7","13"
10,"Dorothy","Taylor","6","5"
542,"Lonnie","Tirado","8","6"
276,"Brandy","Graves","7","11"
521,"Roland","South","8","11"
562,"Wallace","Slone","8","9"
590,"Seth","Hannon","5","1"
12,"Nancy","Thomas","5","2"
482,"Maurice","Crawley","8","12"
69,"Judy","Gray","7","11"
28,"Cynthia","Young","7","14"
192,"Laurie","Lawrence","7","10"
474,"Dustin","Gillette","7","10"
466,"Leo","Ebert","5","1"
185,"Roberta","Harper","6","3"
85,"Anne","Powell","8","7"
227,"Colleen","Burton","6","4"
547,"Kurt","Emmons","8","9"
411,"Norman","Currier","7","12"
31,"Brenda","Wright","6","11"
408,"Manuel","Murrell","7","12"
531,"Jamie","Waugh","6","1"
468,"Tim","Cary","8","14"
423,"Alfred","Casillas","7","13"
67,"Kelly","Torres","6","4"
168,"Regina","Berry","6","1"
19,"Ruth","Martinez","5","6"
26,"Jessica","Hall","5","2"
338,"Dennis","Gilman","6","7"
130,"Charlotte","Hunter","5","2"
200,"Jeanne","Lawson","6","7"
220,"Charlene","Alvarez","7","12"
587,"Sergio","Stanfield","5","2"
592,"Terrance","Roush","7","15"
308,"Thomas","Grigsby","8","13"
315,"Kenneth","Gooden","2","1"
593,"Rene","Mcalister","7","12"
328,"Jeffrey","Spear","6","5"
115,"Wendy","Harrison","5","3"
29,"Angela","Hernandez","8","16"
292,"Misty","Lambert","7","16"
440,"Bernard","Colby","5","1"
297,"Sherri","Rhodes","8","13"
425,"Francis","Sikes","7","17"
184,"Vivian","Ruiz","7","9"
189,"Loretta","Carpenter","6","5"
272,"Kay","Caldwell","7","6"
473,"Jorge","Olivares","6","4"
351,"Jack","Foust","5","1"
213,"Gina","Williamson","2","1"
298,"Erika","Pena","6","4"
422,"Melvin","Ellington","6","4"
145,"Lucille","Holmes","7","15"
562,"Wallace","Slone","7","9"
492,"Lester","Kraus","6","4"
267,"Margie","Wade","7","11"
271,"Penny","Neal","6","1"
227,"Colleen","Burton","8","5"
125,"Ethel","Webb","8","11"
14,"Betty","White","5","5"
110,"Tiffany","Jordan","6","1"
441,"Mario","Cheatham","6","2"
94,"Norma","Gonzales","8","6"
222,"Delores","Hansen","8","3"
376,"Randy","Gaither","6","2"
7,"Maria","Miller","8","12"
33,"Anna","Hill","2","1"
71,"Kathy","James","8","7"
41,"Stephanie","Mitchell","6","2"
238,"Nellie","Garrett","8","7"
455,"Jon","Wiles","7","9"
69,"Judy","Gray","2","1"
516,"Elmer","Noe","2","2"
357,"Keith","Rico","6","4"
238,"Nellie","Garrett","6","3"
398,"Antonio","Meek","8","5"
317,"Edward","Baugh","2","1"
560,"Jordan","Archuleta","2","2"
599,"Austin","Cintron","7","7"
51,"Alice","Stewart","6","2"
55,"Doris","Reed","8","7"
61,"Katherine","Rivera","7","6"
384,"Ernest","Stepp","8","6"
360,"Ralph","Madrigal","6","4"
288,"Bobbie","Craig","7","9"
532,"Neil","Renner","6","2"
381,"Bobby","Boudreau","7","14"
479,"Zachary","Hite","6","6"
264,"Gwendolyn","May","8","8"
178,"Marion","Snyder","8","12"
358,"Samuel","Marlow","5","1"
232,"Constance","Reid","7","14"
260,"Christy","Vargas","8","10"
244,"Viola","Hanson","8","12"
103,"Gladys","Hamilton","8","10"
90,"Ruby","Washington","6","3"
442,"Leroy","Bustamante","5","3"
228,"Allison","Stanley","2","2"
519,"Ron","Deluca","5","1"
445,"Micheal","Forman","5","2"
337,"Jerry","Jordon","5","3"
296,"Ramona","Hale","8","10"
171,"Dolores","Wagner","6","7"
5,"Elizabeth","Brown","6","5"
375,"Aaron","Selby","7","5"
278,"Billie","Horton","8","12"
51,"Alice","Stewart","5","3"
363,"Roy","Whiting","6","5"
558,"Jimmie","Eggleston","6","5"
89,"Julia","Flores","5","3"
512,"Cecil","Vines","7","9"
344,"Henry","Billingsley","5","2"
472,"Greg","Robins","7","9"
322,"Jason","Morrissey","8","7"
155,"Gail","Knight","8","7"
116,"Victoria","Gibson","7","10"
439,"Alexander","Fennell","7","12"
435,"Ricky","Shelby","8","11"
422,"Melvin","Ellington","5","1"
566,"Casey","Mena","6","4"
311,"Paul","Trout","5","5"
329,"Frank","Waggoner","6","9"
312,"Mark","Rinehart","8","9"
559,"Everett","Banda","7","12"
220,"Charlene","Alvarez","5","2"
107,"Florence","Woods","8","5"
491,"Rick","Mattox","6","7"
235,"Jackie","Lynch","5","2"
553,"Max","Pitt","7","16"
270,"Leah","Curtis","8","12"
320,"Anthony","Schwab","6","5"
480,"Corey","Hauser","6","2"
117,"Edith","Mcdonald","7","5"
274,"Naomi","Jennings","5","6"
313,"Donald","Mahon","5","4"
91,"Lois","Butler","5","1"
395,"Johnny","Turpin","7","7"
243,"Lydia","Burke","8","7"
42,"Carolyn","Perez","7","16"
96,"Diana","Alexander","7","12"
549,"Nelson","Christenson","5","4"
588,"Marion","Ocampo","6","5"
529,"Erik","Guillen","5","1"
42,"Carolyn","Perez","2","2"
199,"Beth","Franklin","8","8"
392,"Sean","Douglass","8","11"
204,"Rosemary","Schmidt","7","14"
8,"Susan","Wilson","8","8"
276,"Brandy","Graves","6","3"
316,"Steven","Curley","6","7"
573,"Byron","Box","8","9"
205,"Eileen","Carr","7","8"
422,"Melvin","Ellington","8","13"
297,"Sherri","Rhodes","5","2"
80,"Marilyn","Ross","8","14"
428,"Herbert","Kruger","8","3"
584,"Salvador","Teel","5","3"
241,"Heidi","Larson","7","15"
298,"Erika","Pena","8","11"
555,"Dwight","Lombardi","7","6"
267,"Margie","Wade","2","2"
468,"Tim","Cary","6","6"
325,"Timothy","Bunn","5","1"
45,"Janet","Phillips","7","9"
510,"Ben","Easter","6","8"
338,"Dennis","Gilman","8","10"
170,"Beatrice","Arnold","7","12"
574,"Julian","Vest","8","7"
234,"Claudia","Fuller","5","1"
449,"Oscar","Aquino","5","3"
208,"Lucy","Wheeler","8","5"
284,"Sonia","Gregory","5","3"
9,"Margaret","Moore","2","1"
116,"Victoria","Gibson","6","6"
434,"Eddie","Tomlin","7","9"
321,"Kevin","Schuler","6","2"
419,"Chad","Carbone","5","1"
87,"Wanda","Patterson","5","2"
232,"Constance","Reid","5","2"
391,"Clarence","Gamez","6","5"
49,"Joyce","Edwards","6","5"
269,"Cassandra","Walters","8","10"
204,"Rosemary","Schmidt","6","6"
176,"June","Carroll","5","5"
201,"Vicki","Fields","8","12"
398,"Antonio","Meek","7","7"
341,"Peter","Menard","8","9"
241,"Heidi","Larson","6","5"
149,"Valerie","Black","5","1"
19,"Ruth","Martinez","7","6"
572,"Sidney","Burleson","8","10"
142,"April","Burns","7","10"
105,"Dawn","Sullivan","8","9"
253,"Terry","Carlson","8","11"
137,"Rhonda","Kennedy","7","19"
597,"Freddie","Duggan","6","3"
580,"Ross","Grey","5","1"
572,"Sidney","Burleson","5","1"
327,"Larry","Thrasher","5","1"
496,"Tyler","Wren","8","9"
115,"Wendy","Harrison","6","3"
43,"Christine","Roberts","7","12"
260,"Christy","Vargas","6","8"
217,"Agnes","Bishop","5","2"
569,"Dave","Gardiner","6","2"
401,"Tony","Carranza","8","9"
76,"Irene","Price","8","6"
126,"Ellen","Simpson","8","11"
144,"Clara","Shaw","5","2"
2,"Patricia","Johnson","7","14"
95,"Paula","Bryant","8","4"
297,"Sherri","Rhodes","7","13"
187,"Brittany","Riley","7","11"
488,"Shane","Millard","7","11"
421,"Lee","Hawks","6","3"
580,"Ross","Grey","6","1"
23,"Sarah","Lewis","7","13"
539,"Mathew","Bolin","6","3"
250,"Jo","Fowler","6","1"
301,"Robert","Baughman","6","3"
210,"Ella","Oliver","5","1"
92,"Tina","Simmons","8","8"
198,"Elsie","Kelley","7","15"
394,"Chris","Brothers","7","10"
397,"Jimmy","Schrader","6","2"
234,"Claudia","Fuller","8","13"
552,"Hugh","Waldrop","8","9"
123,"Shannon","Freeman","7","10"
472,"Greg","Robins","5","4"
562,"Wallace","Slone","6","4"
554,"Dwayne","Olvera","8","12"
79,"Rachel","Barnes","8","4"
379,"Carlos","Coughlin","8","12"
304,"David","Royal","8","7"
406,"Nathan","Runyon","6","7"
156,"Bertha","Ferguson","5","2"
220,"Charlene","Alvarez","8","12"
109,"Edna","West","8","6"
251,"Vickie","Brewer","6","3"
400,"Bryan","Hardison","8","11"
152,"Alicia","Mills","5","2"
339,"Walter","Perryman","8","11"
333,"Andrew","Purdy","8","9"
530,"Darryl","Ashcraft","5","1"
212,"Wilma","Richards","6","4"
426,"Bradley","Motley","6","5"
59,"Cheryl","Murphy","7","11"
181,"Ana","Bradley","5","1"
261,"Deanna","Byrd","8","9"
54,"Teresa","Rogers","5","3"
56,"Gloria","Cook","2","1"
172,"Bernice","Willis","5","3"
494,"Ramon","Choate","6","1"
128,"Marjorie","Tucker","5","2"
167,"Sally","Pierce","8","11"
536,"Fernando","Churchill","6","3"
222,"Delores","Hansen","6","2"
122,"Thelma","Murray","7","15"
120,"Sylvia","Ortiz","7","13"
311,"Paul","Trout","6","3"
216,"Natalie","Meyer","5","1"
145,"Lucille","Holmes","5","1"
133,"Pauline","Henry","7","13"
107,"Florence","Woods","5","2"
564,"Bob","Pfeiffer","8","12"
473,"Jorge","Olivares","8","14"
304,"David","Royal","7","12"
374,"Jeremy","Hurtado","6","4"
535,"Javier","Elrod","8","15"
448,"Miguel","Betancourt","6","5"
499,"Marc","Outlaw","8","13"
330,"Scott","Shelley","2","1"
338,"Dennis","Gilman","7","10"
274,"Naomi","Jennings","2","1"
442,"Leroy","Bustamante","8","9"
478,"Lewis","Lyman","6","6"
372,"Steve","Mackenzie","8","13"
124,"Sheila","Wells","7","8"
556,"Armando","Gruber","6","5"
340,"Patrick","Newsom","6","8"
422,"Melvin","Ellington","7","7"
86,"Jacqueline","Long","6","7"
444,"Marcus","Hidalgo","8","14"
96,"Diana","Alexander","6","7"
147,"Joanne","Robertson","8","15"
413,"Marvin","Yee","8","11"
247,"Stella","Moreno","8","11"
431,"Joel","Francisco","2","1"
212,"Wilma","Richards","8","9"
232,"Constance","Reid","8","7"
361,"Lawrence","Lawton","6","4"
140,"Eva","Ramos","7","7"
240,"Marlene","Welch","7","12"
302,"Michael","Silverman","8","11"
58,"Jean","Bell","8","11"
243,"Lydia","Burke","7","13"
543,"Lance","Pemberton","6","5"
146,"Jamie","Rice","6","7"
306,"Charles","Kowalski","8","14"
127,"Elaine","Stevens","5","2"
436,"Troy","Quigley","8","14"
572,"Sidney","Burleson","6","3"
480,"Corey","Hauser","7","8"
40,"Amanda","Carter","6","4"
492,"Lester","Kraus","8","4"
375,"Aaron","Selby","8","12"
479,"Zachary","Hite","5","2"
238,"Nellie","Garrett","5","2"
215,"Jessie","Banks","2","1"
446,"Theodore","Culp","8","5"
98,"Lillian","Griffin","7","9"
227,"Colleen","Burton","7","12"
240,"Marlene","Welch","5","3"
567,"Alfredo","Mcadams","6","2"
83,"Louise","Jenkins","2","1"
593,"Rene","Mcalister","8","8"
164,"Joann","Gardner","6","3"
314,"George","Linton","7","18"
131,"Monica","Hicks","5","3"
527,"Cory","Meehan","7","9"
344,"Henry","Billingsley","6","3"
51,"Alice","Stewart","8","16"
485,"Clyde","Tobias","6","2"
235,"Jackie","Lynch","8","6"
287,"Becky","Miles","5","3"
457,"Bill","Gavin","5","1"
211,"Stacey","Montgomery","7","16"
127,"Elaine","Stevens","6","3"
75,"Tammy","Sanders","8","11"
461,"Derek","Blakely","8","14"
57,"Evelyn","Morgan","5","2"
101,"Peggy","Myers","2","1"
61,"Katherine","Rivera","5","1"
329,"Frank","Waggoner","7","13"
405,"Leonard","Schofield","6","6"
9,"Margaret","Moore","5","3"
356,"Gerald","Fultz","7","13"
150,"Danielle","Daniels","7","4"
108,"Tracy","Cole","2","1"
30,"Melissa","King","6","4"
594,"Eduardo","Hiatt","6","6"
521,"Roland","South","7","9"
175,"Annette","Olson","7","11"
546,"Kelly","Knott","7","10"
368,"Harry","Arce","6","6"
219,"Willie","Howell","8","7"
326,"Jose","Andrew","6","4"
156,"Bertha","Ferguson","6","4"
411,"Norman","Currier","8","8"
258,"Myrtle","Fleming","7","10"
216,"Natalie","Meyer","8","9"
549,"Nelson","Christenson","7","9"
380,"Russell","Brinson","7","14"
407,"Dale","Ratcliff","8","13"
314,"George","Linton","5","2"
354,"Justin","Ngo","8","8"
410,"Curtis","Irby","8","17"
347,"Ryan","Salisbury","7","17"
425,"Francis","Sikes","8","7"
186,"Holly","Fox","5","2"
473,"Jorge","Olivares","7","13"
330,"Scott","Shelley","6","5"
588,"Marion","Ocampo","5","2"
130,"Charlotte","Hunter","8","8"
369,"Fred","Wheat","5","4"
325,"Timothy","Bunn","8","8"
231,"Georgia","Jacobs","7","11"
421,"Lee","Hawks","2","1"
297,"Sherri","Rhodes","6","5"
163,"Cathy","Spencer","6","6"
402,"Luis","Yanez","8","4"
388,"Craig","Morrell","8","11"
393,"Philip","Causey","7","13"
463,"Darrell","Power","7","10"
64,"Judith","Cox","2","1"
145,"Lucille","Holmes","6","2"
427,"Jesus","Mccartney","5","1"
301,"Robert","Baughman","8","5"
356,"Gerald","Fultz","8","13"
201,"Vicki","Fields","7","5"
177,"Samantha","Duncan","6","5"
445,"Micheal","Forman","7","10"
154,"Michele","Grant","7","14"
404,"Stanley","Scroggins","5","1"
230,"Joy","George","6","6"
533,"Jessie","Milam","7","13"
202,"Carla","Gutierrez","6","4"
479,"Zachary","Hite","7","15"
598,"Wade","Delvalle","7","16"
76,"Irene","Price","7","9"
315,"Kenneth","Gooden","7","8"
64,"Judith","Cox","5","3"
326,"Jose","Andrew","7","12"
161,"Geraldine","Perkins","6","2"
580,"Ross","Grey","8","10"
65,"Rose","Howard","5","2"
440,"Bernard","Colby","8","8"
86,"Jacqueline","Long","5","1"
564,"Bob","Pfeiffer","5","2"
394,"Chris","Brothers","5","2"
558,"Jimmie","Eggleston","8","8"
253,"Terry","Carlson","6","6"
274,"Naomi","Jennings","8","16"
137,"Rhonda","Kennedy","8","15"
231,"Georgia","Jacobs","5","3"
26,"Jessica","Hall","8","12"
254,"Maxine","Silva","8","12"
196,"Alma","Austin","5","4"
70,"Christina","Ramirez","8","9"
299,"James","Gannon","7","11"
518,"Gabriel","Harder","6","2"
440,"Bernard","Colby","7","12"
223,"Melinda","Fernandez","7","7"
450,"Jay","Robb","5","1"
230,"Joy","George","7","15"
32,"Amy","Lopez","5","3"
452,"Tom","Milner","6","7"
587,"Sergio","Stanfield","7","10"
182,"Renee","Lane","7","12"
295,"Daisy","Bates","2","1"
181,"Ana","Bradley","2","1"
163,"Cathy","Spencer","2","2"
385,"Phillip","Holm","6","3"
447,"Clifford","Bowens","5","2"
173,"Audrey","Ray","7","14"
343,"Douglas","Graf","6","7"
33,"Anna","Hill","5","1"
370,"Wayne","Truong","6","1"
14,"Betty","White","8","9"
260,"Christy","Vargas","7","12"
585,"Perry","Swafford","8","6"
138,"Hazel","Warren","5","2"
337,"Jerry","Jordon","8","11"
256,"Mabel","Holland","7","6"
119,"Sherry","Marshall","5","3"
319,"Ronald","Weiner","8","9"
342,"Harold","Martino","8","17"
246,"Marian","Mendoza","7","6"
23,"Sarah","Lewis","6","5"
439,"Alexander","Fennell","5","3"
127,"Elaine","Stevens","8","12"
89,"Julia","Flores","8","7"
589,"Tracy","Herrmann","6","5"
428,"Herbert","Kruger","6","5"
468,"Tim","Cary","7","14"
188,"Melanie","Armstrong","8","12"
317,"Edward","Baugh","6","3"
60,"Mildred","Bailey","2","2"
587,"Sergio","Stanfield","2","1"
423,"Alfred","Casillas","6","5"
135,"Juanita","Mason","5","2"
213,"Gina","Williamson","7","12"
247,"Stella","Moreno","7","7"
56,"Gloria","Cook","8","12"
251,"Vickie","Brewer","5","6"
568,"Alberto","Henning","8","7"
457,"Bill","Gavin","7","7"
300,"John","Farnsworth","7","14"
246,"Marian","Mendoza","5","5"
101,"Peggy","Myers","8","10"
74,"Denise","Kelly","8","12"
469,"Wesley","Bull","8","15"
357,"Keith","Rico","5","3"
490,"Sam","Mcduffie","6","1"
450,"Jay","Robb","7","7"
596,"Enrique","Forsythe","5","6"
354,"Justin","Ngo","7","19"
515,"Andre","Rapp","8","12"
235,"Jackie","Lynch","6","2"
476,"Derrick","Bourque","8","6"
119,"Sherry","Marshall","7","10"
390,"Shawn","Heaton","8","12"
531,"Jamie","Waugh","7","14"
100,"Robin","Hayes","6","4"
451,"Jim","Rea","8","16"
483,"Vernon","Chapa","8","5"
126,"Ellen","Simpson","6","1"
596,"Enrique","Forsythe","7","6"
83,"Louise","Jenkins","7","9"
78,"Lori","Wood","6","3"
488,"Shane","Millard","6","2"
542,"Lonnie","Tirado","5","2"
382,"Victor","Barkley","5","2"
478,"Lewis","Lyman","8","6"
29,"Angela","Hernandez","2","1"
509,"Raul","Fortier","5","2"
10,"Dorothy","Taylor","5","1"
473,"Jorge","Olivares","5","3"
89,"Julia","Flores","7","17"
466,"Leo","Ebert","8","10"
323,"Matthew","Mahan","7","15"
500,"Reginald","Kinder","7","11"
477,"Dan","Paine","7","10"
527,"Cory","Meehan","6","4"
331,"Eric","Robert","5","2"
533,"Jessie","Milam","5","3"
395,"Johnny","Turpin","8","6"
533,"Jessie","Milam","2","1"
471,"Dean","Sauer","7","9"
592,"Terrance","Roush","8","8"
517,"Brad","Mccurdy","5","1"
345,"Carl","Artis","7","10"
564,"Bob","Pfeiffer","7","9"
339,"Walter","Perryman","7","13"
282,"Jenny","Castro","7","15"
90,"Ruby","Washington","7","12"
184,"Vivian","Ruiz","8","9"
383,"Martin","Bales","8","10"
287,"Becky","Miles","6","4"
452,"Tom","Milner","8","8"
128,"Marjorie","Tucker","8","12"
67,"Kelly","Torres","8","8"
43,"Christine","Roberts","8","7"
539,"Mathew","Bolin","7","12"
448,"Miguel","Betancourt","2","2"
301,"Robert","Baughman","5","3"
465,"Floyd","Gandy","6","4"
193,"Katie","Elliott","8","10"
114,"Grace","Ellis","7","15"
448,"Miguel","Betancourt","7","10"
408,"Manuel","Murrell","6","3"
336,"Joshua","Mark","7","12"
489,"Ricardo","Meador","8","10"
500,"Reginald","Kinder","6","5"
374,"Jeremy","Hurtado","2","1"
577,"Clifton","Malcolm","8","12"
497,"Gilbert","Sledge","6","4"
27,"Shirley","Allen","5","1"
222,"Delores","Hansen","7","11"
296,"Ramona","Hale","7","12"
19,"Ruth","Martinez","6","3"
100,"Robin","Hayes","2","1"
547,"Kurt","Emmons","6","1"
408,"Manuel","Murrell","5","3"
16,"Sandra","Martin","6","4"
431,"Joel","Francisco","7","5"
298,"Erika","Pena","7","10"
205,"Eileen","Carr","8","6"
63,"Ashley","Richardson","6","1"
151,"Megan","Palmer","5","2"
261,"Deanna","Byrd","6","6"
578,"Willard","Lumpkin","8","7"
280,"Tracey","Barrett","6","3"
359,"Willie","Markham","6","4"
542,"Lonnie","Tirado","7","8"
112,"Rosa","Reynolds","5","2"
229,"Tamara","Nguyen","6","4"
167,"Sally","Pierce","5","3"
12,"Nancy","Thomas","7","13"
225,"Arlene","Harvey","6","1"
256,"Mabel","Holland","8","12"
9,"Margaret","Moore","7","9"
359,"Willie","Markham","8","8"
111,"Carmen","Owens","7","9"
195,"Vanessa","Sims","7","11"
354,"Justin","Ngo","2","2"
85,"Anne","Powell","5","2"
539,"Mathew","Bolin","8","5"
209,"Tonya","Chapman","5","3"
85,"Anne","Powell","7","8"
566,"Casey","Mena","8","10"
312,"Mark","Rinehart","7","11"
221,"Bessie","Morrison","8","10"
24,"Kimberly","Lee","7","9"
537,"Clinton","Buford","2","1"
352,"Albert","Crouse","8","7"
139,"Amber","Dixon","8","11"
350,"Juan","Fraley","8","9"
195,"Vanessa","Sims","8","8"
566,"Casey","Mena","5","2"
237,"Tanya","Gilbert","8","11"
573,"Byron","Box","7","15"
240,"Marlene","Welch","6","3"
266,"Nora","Herrera","7","5"
147,"Joanne","Robertson","7","13"
159,"Jill","Hawkins","8","5"
231,"Georgia","Jacobs","6","1"
524,"Jared","Ely","8","6"
173,"Audrey","Ray","8","8"
446,"Theodore","Culp","7","17"
576,"Morris","Mccarter","5","2"
502,"Brett","Cornwell","6","3"
497,"Gilbert","Sledge","2","1"
553,"Max","Pitt","8","4"
135,"Juanita","Mason","6","3"
358,"Samuel","Marlow","7","7"
138,"Hazel","Warren","6","3"
364,"Benjamin","Varney","5","1"
390,"Shawn","Heaton","6","5"
134,"Emma","Boyd","8","9"
214,"Kristin","Johnston","8","14"
355,"Terry","Grissom","6","2"
285,"Miriam","Mckinney","8","10"
507,"Edgar","Rhoads","6","3"
374,"Jeremy","Hurtado","5","3"
393,"Philip","Causey","8","11"
223,"Melinda","Fernandez","5","1"
49,"Joyce","Edwards","8","6"
22,"Laura","Rodriguez","8","10"
351,"Jack","Foust","8","7"
345,"Carl","Artis","8","7"
583,"Marshall","Thorn","8","5"
557,"Felix","Gaffney","8","8"
246,"Marian","Mendoza","6","5"
52,"Julie","Sanchez","2","1"
31,"Brenda","Wright","7","11"
389,"Alan","Kahn","6","3"
520,"Mitchell","Westmoreland","8","14"
360,"Ralph","Madrigal","5","2"
364,"Benjamin","Varney","6","5"
54,"Teresa","Rogers","8","14"
164,"Joann","Gardner","8","2"
556,"Armando","Gruber","8","6"
230,"Joy","George","5","2"
353,"Jonathan","Scarborough","6","3"
183,"Ida","Andrews","5","1"
166,"Lynn","Payne","5","1"
78,"Lori","Wood","7","14"
226,"Maureen","Little","7","9"
382,"Victor","Barkley","7","10"
53,"Heather","Morris","2","2"
1,"Mary","Smith","8","11"
33,"Anna","Hill","6","2"
174,"Yvonne","Watkins","6","4"
119,"Sherry","Marshall","8","18"
592,"Terrance","Roush","6","5"
459,"Tommy","Collazo","7","18"
359,"Willie","Markham","2","1"
71,"Kathy","James","7","18"
408,"Manuel","Murrell","8","12"
100,"Robin","Hayes","5","1"
489,"Ricardo","Meador","7","5"
309,"Christopher","Greco","5","2"
190,"Yolanda","Weaver","5","2"
102,"Crystal","Ford","7","21"
552,"Hugh","Waldrop","5","1"
18,"Carol","Garcia","8","6"
204,"Rosemary","Schmidt","8","11"
132,"Esther","Crawford","8","8"
409,"Rodney","Moeller","7","15"
410,"Curtis","Irby","2","1"
43,"Christine","Roberts","5","2"
305,"Richard","Mccrary","8","10"
425,"Francis","Sikes","6","1"
33,"Anna","Hill","8","9"
8,"Susan","Wilson","7","12"
105,"Dawn","Sullivan","7","10"
471,"Dean","Sauer","6","5"
122,"Thelma","Murray","5","2"
534,"Christian","Jung","6","5"
537,"Clinton","Buford","7","12"
252,"Mattie","Hoffman","6","3"
417,"Travis","Estep","8","13"
302,"Michael","Silverman","6","1"
546,"Kelly","Knott","5","2"
286,"Velma","Lucas","8","7"
303,"William","Satterfield","8","10"
192,"Laurie","Lawrence","8","10"
250,"Jo","Fowler","5","5"
199,"Beth","Franklin","7","12"
550,"Guy","Brownlee","7","11"
88,"Bonnie","Hughes","7","11"
526,"Karl","Seal","7","19"
583,"Marshall","Thorn","7","12"
199,"Beth","Franklin","2","1"
252,"Mattie","Hoffman","2","1"
155,"Gail","Knight","2","2"
132,"Esther","Crawford","6","6"
336,"Joshua","Mark","2","1"
497,"Gilbert","Sledge","5","1"
211,"Stacey","Montgomery","5","1"
254,"Maxine","Silva","6","5"
248,"Caroline","Bowman","6","2"
400,"Bryan","Hardison","7","10"
3,"Linda","Williams","8","7"
373,"Louis","Leone","7","16"
523,"Harvey","Guajardo","6","4"
59,"Cheryl","Murphy","5","3"
146,"Jamie","Rice","8","13"
173,"Audrey","Ray","6","5"
542,"Lonnie","Tirado","6","2"
317,"Edward","Baugh","5","1"
269,"Cassandra","Walters","2","2"
384,"Ernest","Stepp","7","8"
327,"Larry","Thrasher","8","13"
302,"Michael","Silverman","5","2"
517,"Brad","Mccurdy","8","7"
330,"Scott","Shelley","8","5"
334,"Raymond","Mcwhorter","5","2"
588,"Marion","Ocampo","7","14"
207,"Gertrude","Castillo","6","1"
188,"Melanie","Armstrong","7","8"
449,"Oscar","Aquino","7","8"
138,"Hazel","Warren","8","14"
324,"Gary","Coy","2","1"
227,"Colleen","Burton","2","1"
386,"Todd","Tan","5","1"
46,"Catherine","Campbell","8","16"
334,"Raymond","Mcwhorter","7","11"
182,"Renee","Lane","5","2"
373,"Louis","Leone","2","1"
468,"Tim","Cary","5","5"
402,"Luis","Yanez","6","3"
308,"Thomas","Grigsby","6","5"
224,"Pearl","Garza","6","3"
84,"Sara","Perry","6","6"
582,"Andy","Vanhorn","5","1"
265,"Jennie","Terry","5","1"
166,"Lynn","Payne","6","4"
70,"Christina","Ramirez","6","1"
113,"Cindy","Fisher","8","10"
34,"Rebecca","Scott","6","3"
565,"Jaime","Nettles","6","3"
279,"Dianne","Shelton","7","9"
453,"Calvin","Martel","6","3"
476,"Derrick","Bourque","5","2"
157,"Darlene","Rose","6","1"
316,"Steven","Curley","5","3"
415,"Glenn","Pullen","8","9"
458,"Lloyd","Dowd","7","9"
520,"Mitchell","Westmoreland","7","14"
465,"Floyd","Gandy","5","1"
340,"Patrick","Newsom","7","9"
453,"Calvin","Martel","8","10"
4,"Barbara","Jones","8","11"
159,"Jill","Hawkins","7","10"
424,"Kyle","Spurlock","5","1"
506,"Leslie","Seward","8","13"
327,"Larry","Thrasher","7","5"
403,"Mike","Way","5","2"
241,"Heidi","Larson","8","12"
561,"Ian","Still","2","1"
374,"Jeremy","Hurtado","7","10"
388,"Craig","Morrell","7","11"
49,"Joyce","Edwards","5","4"
55,"Doris","Reed","7","7"
194,"Kristen","Chavez","6","5"
373,"Louis","Leone","8","15"
366,"Brandon","Huey","5","1"
272,"Kay","Caldwell","5","4"
383,"Martin","Bales","5","2"
454,"Alex","Gresham","7","11"
186,"Holly","Fox","6","6"
248,"Caroline","Bowman","5","2"
591,"Kent","Arsenault","7","15"
412,"Allen","Butterfield","6","1"
495,"Charlie","Bess","8","8"
112,"Rosa","Reynolds","6","4"
191,"Jeanette","Greene","5","2"
172,"Bernice","Willis","7","14"
521,"Roland","South","6","2"
141,"Debbie","Reyes","7","11"
103,"Gladys","Hamilton","7","15"
310,"Daniel","Cabral","8","5"
396,"Earl","Shanks","6","3"
170,"Beatrice","Arnold","6","2"
265,"Jennie","Terry","8","9"
467,"Alvin","Deloach","5","1"
438,"Barry","Lovelace","5","3"
